Close (BTC),Volume (BTC),Close (ETH),Volume (ETH),Close (USDT),Volume (USDT),Close (BNB),Volume (BNB)
43574.5078125,38139709246,3077.867919921875,23742102645,1.000040054321289,80708278656,379.4403381347656,1678913732
44895.09765625,34244064430,3155.523681640625,18516291047,1.0005079507827759,71255677560,383.8204040527344,1576382603
42839.75,42839345714,2931.669189453125,25595422789,1.0008200407028198,93076113024,355.3162841796875,2081157733
42716.59375,31604717236,2925.565673828125,18932786754,1.0009889602661133,66583739947,349.8800964355469,1388464569
43208.5390625,30661222077,3062.265380859375,21172766310,1.0007250308990479,78196884599,344.1817626953125,1958526741
42235.73046875,30980029059,2934.138916015625,19164053681,1.000512957572937,70088186310,336.19122314453125,1507056912
41034.54296875,30214940550,2807.296630859375,16895079070,1.000298023223877,66373042997,333.0325927734375,1294330921
41564.36328125,30602359905,2853.143310546875,15763456158,1.0002820491790771,64767185195,367.9895935058594,2385693434
43790.89453125,31141681925,3001.678955078125,17661065099,1.000154972076416,65935536533,387.0573425292969,1796235646
48116.94140625,42850641582,3307.51611328125,22307625573,1.0001779794692993,81411630527,421.6431884765625,2162493378
47711.48828125,30614346492,3391.6943359375,19202671704,1.00028395652771,67747297412,428.09832763671875,1740937420
48199.953125,26638115879,3418.358642578125,15516566862,1.0002009868621826,61784201197,430.5088195800781,1470899248
49112.90234375,33383173002,3380.089111328125,17747154101,0.9998379945755005,74166327976,425.7489013671875,1647171955
51514.8125,35873904236,3518.5185546875,16632591670,1.000440001487732,76210707722,442.7061462402344,1526827785
55361.44921875,49034730168,3580.56201171875,21855226591,1.0003169775009155,96553805180,435.4013671875,2006344571
53805.984375,36807860413,3587.974853515625,19090322927,1.0003750324249268,91580420731,438.7617492675781,1962989705
53967.84765625,34800873924,3563.75927734375,16222029488,1.000115990638733,79865522045,419.10205078125,2678048368
54968.22265625,32491211414,3575.716796875,12707036942,1.0000460147857666,67391135102,421.5494689941406,1404867667
54771.578125,39527792364,3425.852783203125,16171746693,1.0010180473327637,69927661418,405.0693054199219,1437068558
57484.7890625,42637331698,3545.35400390625,18579189588,1.0006959438323975,75741431317,413.4562072753906,1473121389
56041.05859375,41083758949,3492.5732421875,18109578443,1.0000959634780884,73275476508,443.8675231933594,3142304145
57401.09765625,41684252783,3606.20166015625,16211275589,1.0000970363616943,78117249743,470.74969482421875,5149146903
57321.5234375,36615791366,3786.01416015625,19443499909,1.000033974647522,68955958208,472.02239990234375,2486819344
61593.94921875,51780081801,3862.634765625,20966841512,0.9991520047187805,89456766433,473.70263671875,2804538828
60892.1796875,34250964237,3830.382080078125,16578095629,1.000040054321289,65419462010,465.6424560546875,1904086807
61553.6171875,29032367511,3847.1044921875,15908090346,1.0002800226211548,57600914728,470.62554931640625,1646437501
62026.078125,38055562075,3748.76025390625,17386204158,1.0000189542770386,66503250420,485.11102294921875,1999805026
64261.9921875,40471196346,3877.65087890625,15998757133,1.0001169443130493,62387883982,488.14886474609375,1844483840
65992.8359375,40788955582,4155.9921875,20338319988,0.9999399781227112,70187915900,501.02032470703125,1890415594
62210.171875,45908121370,4054.32275390625,28220661820,1.000022053718567,84189482202,471.2569274902344,3081793454
60692.265625,38434082775,3970.181884765625,19432937968,0.999879002571106,73919161798,478.6431579589844,1962748496
61393.6171875,26882546034,4171.66357421875,14781537792,1.0008230209350586,55395032239,485.90643310546875,1170864603
60930.8359375,27316183882,4087.903076171875,14978083638,1.0002230405807495,66669467996,476.63311767578125,1246191889
63039.82421875,31064911614,4217.876953125,15995727040,0.9993749856948853,66194185821,484.64508056640625,1337787876
60363.79296875,34878965587,4131.10205078125,17157714562,1.0002280473709106,77630649473,478.0250549316406,1486193826
58482.38671875,43657076893,3930.25732421875,26219530404,1.0007909536361694,124069805053,449.00799560546875,2340091135
60622.13671875,45257083247,4287.31884765625,25958154575,1.0004839897155762,121660107352,492.0155334472656,2626956133
62227.96484375,36856881767,4414.74658203125,22967641914,1.0000489950180054,87302831458,529.6221313476562,2667451365
61888.83203125,32157938616,4325.650390625,14615490626,1.0005179643630981,86474453142,527.9212036132812,2194893915
61318.95703125,32241199927,4288.07421875,17498160238,1.0003759860992432,91561112863,524.3644409179688,2076289915
61004.40625,36150572843,4324.626953125,17985288261,1.0002909898757935,87025283378,551.2559204101562,2535579529
63226.40234375,37746665647,4584.798828125,20794448222,1.0008150339126587,149878312204,554.4476318359375,2401108112
62970.046875,36124731509,4607.19384765625,21220463155,1.0006779432296753,89436836448,568.5787963867188,2567651316
61452.23046875,32615846901,4537.32421875,18415244464,1.0008569955825806,87280485610,559.7373046875,2260479871
61125.67578125,30605102446,4486.2431640625,15086003586,1.0015530586242676,76677676369,608.6480712890625,3675930507
61527.48046875,29094934221,4521.5810546875,14429076700,1.0014539957046509,65151095549,636.1139526367188,2779927044
63326.98828125,24726754302,4620.5546875,13541376033,1.0015170574188232,55905241687,650.4540405273438,3017167868
67566.828125,41125608330,4812.08740234375,19290896267,1.0004429817199707,82548510715,654.3150024414062,2828112534
66971.828125,42357991721,4735.06884765625,20834172627,1.000201940536499,93002275939,635.1906127929688,2198989754
64995.23046875,48730828378,4636.17431640625,22748160545,1.0000970363616943,113809197171,615.278076171875,3653998344
64949.9609375,35880633236,4730.38427734375,17933201129,1.0006439685821533,83970826408,629.892333984375,2341652507
64155.94140625,36084893887,4667.115234375,18316060208,1.0001139640808105,82883678293,626.6425170898438,2209163398
64469.52734375,30474228777,4651.46044921875,14457436261,1.0008480548858643,65797472687,650.1041259765625,2106170805
65466.83984375,25122092191,4626.35888671875,12172962219,1.0003670454025269,54429579952,650.9180908203125,2101401990
63557.87109375,30558763548,4557.50390625,16275851299,1.0015020370483398,64113625426,633.0486450195312,2146877925
60161.24609375,46844335592,4216.365234375,27417502801,1.0006749629974365,98954557342,589.8228759765625,3772957260
60368.01171875,39178392930,4287.59375,22183461850,1.0000629425048828,84478860409,578.0927734375,2704847734
56942.13671875,41388338699,4000.65087890625,21383250893,0.999970018863678,95287465626,532.2376098632812,2917116815
58119.578125,38702407772,4298.306640625,20626269711,1.0008200407028198,82193745588,581.5308227539062,2481119529
59697.1953125,30624264863,4409.93115234375,15448261277,1.0003620386123657,72417177800,603.8400268554688,2336197759
58730.4765625,26123447605,4269.73291015625,14094831413,1.0008729696273804,69057268195,585.2942504882812,2055539646
56289.2890625,35036121783,4088.457763671875,19752218877,1.0004509687423706,79375135623,559.1270141601562,2251971535
57569.07421875,37485803899,4340.763671875,22133497059,1.0001250505447388,84196469142,591.4395751953125,2927434189
56280.42578125,36635566789,4239.9814453125,21838037128,1.0006970167160034,84317323264,581.3953247070312,2917418688
57274.6796875,34284016248,4274.7431640625,18705358318,0.9996010065078735,91394294449,603.730224609375,2537227998
53569.765625,41810748221,4030.908935546875,26281795488,1.0003670454025269,106740129710,585.1473388671875,4254504824
54815.078125,30560857714,4096.912109375,16515693874,1.0010989904403687,73666340601,600.3367919921875,2485529516
57248.45703125,28116886357,4294.45361328125,15953126340,1.0001250505447388,73452340871,611.3668212890625,2731676788
57806.56640625,32370840356,4445.10498046875,19086475837,1.000525951385498,73041134842,624.31005859375,2425803182
57005.42578125,36708594618,4631.47900390625,28626354111,1.0002859830856323,87396693339,622.6698608398438,2781531694
57229.828125,36858195307,4586.990234375,27634826695,1.0002549886703491,80908197091,627.9715576171875,2806563703
56477.81640625,32379968686,4511.30224609375,21502671027,1.0001740455627441,77139535799,619.4701538085938,2378758113
53598.24609375,39789134215,4220.7060546875,25879591528,1.0006170272827148,92639344690,594.635986328125,2483348354
49200.703125,61385677469,4119.58740234375,38478999182,1.0000070333480835,138598008408,569.0772705078125,4458419873
49368.84765625,37198201161,4198.32275390625,25533062707,1.0006300210952759,82054153191,557.7830810546875,2394235567
50582.625,37707308001,4358.7373046875,28229518513,1.0013619661331177,93691250219,589.2561645507812,3567503629
50700.0859375,33676814852,4315.0615234375,22366213354,1.000972032546997,76247192218,579.6898803710938,2112954675
50504.796875,28479699446,4439.35791015625,18704315119,0.9993659853935242,69621457268,607.5927734375,2245501623
47672.12109375,29603577251,4119.81591796875,22296131874,1.0008820295333862,69831553004,571.6489868164062,2132955304
47243.3046875,30966005122,3908.49609375,28014595631,1.0017399787902832,68959994142,552.9668579101562,2089946472
49362.5078125,25775869261,4084.452392578125,19131502454,1.0005559921264648,57132834419,564.322509765625,1824951693
50098.3359375,21939223599,4134.453125,14057603914,1.0010509490966797,46141935617,570.823974609375,1307635490
46737.48046875,32166727776,3784.226806640625,23999841386,1.0001310110092163,66458705759,521.0115966796875,1900967743
46612.6328125,34638619079,3745.4404296875,23836759957,1.000648021697998,72787499023,511.2293701171875,2232411089
48896.72265625,36541828520,4018.388671875,26411188833,1.0004019737243652,77440719349,541.0269775390625,2079796859
47665.42578125,27268150947,3962.4697265625,19825531254,1.0002599954605103,60612599459,526.2465209960938,1500825557
46202.14453125,32902725329,3879.486572265625,23143541098,1.000838041305542,69599166416,525.706298828125,1804795681
46848.77734375,26098292690,3960.860107421875,19530895889,1.0001829862594604,55813387710,533.891357421875,1294574825
46707.015625,25154053861,3922.592529296875,16167785597,0.9999880194664001,49752180810,529.9720458984375,1199582659
46880.27734375,30961902129,3933.844482421875,21589690675,0.9989709854125977,66647887174,523.1624755859375,1467380399
48936.61328125,27055803928,4020.260009765625,16388555198,1.000396966934204,55687834682,528.7109985351562,1461697111
48628.51171875,24447979559,3982.099609375,13921756199,1.000331997871399,57931430463,533.6449584960938,1597323976
50784.5390625,28223878108,4108.015625,18007273742,1.0003880262374878,69151777565,548.725830078125,1867124970
50822.1953125,24367912228,4047.98291015625,12769090623,1.0012019872665405,60467261268,541.9020385742188,1677259160
50429.859375,19030650914,4093.281005859375,10894785525,0.9999229907989502,48124514320,547.3262329101562,1305388019
50809.515625,20964372926,4067.328125,11197244172,1.0004489421844482,50593058831,546.9949951171875,1576727325
50640.41796875,24324345758,4037.547607421875,11424360002,0.9999439716339111,54788742594,562.6414794921875,2180356553
47588.85546875,33430376883,3800.89306640625,17299472803,1.0011680126190186,74531099414,534.9280395507812,2791585162
46444.7109375,30049226299,3628.53173828125,15722555672,1.0002939701080322,63544101067,514.0007934570312,2159325741
47178.125,26686491018,3713.85205078125,12925377999,1.0010360479354858,54862404131,518.9097290039062,1950603827
46306.4453125,36974172400,3682.6328125,14157285268,1.000188946723938,57299598140,511.70831298828125,2020489898
47686.8125,24582667004,3769.697021484375,9776191466,1.000499963760376,43336209524,527.3527221679688,1622547014
47345.21875,27951569547,3829.56494140625,9881471548,1.0004600286483765,43202922802,531.3966674804688,1462276185
46458.1171875,33071628362,3761.38037109375,12080777893,1.0001649856567383,54125933259,512.135986328125,1949153130
45897.57421875,42494677905,3794.056640625,14030925983,1.0002080202102661,60765931554,507.506103515625,2200879165
43569.00390625,36851084859,3550.386962890625,18061338502,1.0001219511032104,77225535519,475.05694580078125,2870757788
43160.9296875,30208048289,3418.408203125,24293791313,1.000195026397705,71751236899,473.2756042480469,4400228627
41557.90234375,84196607520,3193.21044921875,24494179209,1.0002520084381104,82344370614,447.7884826660156,4613172287
41733.94140625,28066355845,3091.97265625,16037732700,1.0000970363616943,62394894090,430.24615478515625,4068139021
41911.6015625,21294384372,3157.75146484375,12334683863,1.0002570152282715,49109221960,438.8030700683594,3347862691
41821.26171875,32104232331,3083.097900390625,19535744145,1.000180959701538,68455690767,424.93377685546875,4156063326
42735.85546875,26327648900,3238.111572265625,15211447193,1.0003620386123657,59061400900,463.518310546875,4600615710
43949.1015625,33499938689,3372.25830078125,16662871689,1.000290036201477,62300703831,487.0074157714844,4131335431
42591.5703125,47691135082,3248.28857421875,15294466275,1.000404953956604,63231903910,475.02911376953125,4151007744
43099.69921875,23577403399,3310.00146484375,13562957230,1.0002830028533936,60503324000,489.867431640625,3112235914
43177.3984375,18371348298,3330.53076171875,9619999078,1.000641942024231,41922988280,494.9880676269531,1766015929
43113.87890625,17902097845,3350.921875,9505934874,1.0004169940948486,41551382127,498.42791748046875,1771927950
42250.55078125,21690904261,3212.304931640625,12344309617,1.0003679990768433,51430977642,475.7098693847656,2134608006
42375.6328125,22417209227,3164.025146484375,13024154091,1.0004199743270874,52799723207,472.00506591796875,2106859289
41744.328125,23091543258,3095.825927734375,13187424144,1.0004899501800537,50127231375,462.82208251953125,1780063381
40680.41796875,20382033940,3001.1201171875,10645922764,1.0002570152282715,38591713522,440.00543212890625,1881741995
36457.31640625,43011992031,2557.931640625,26796291874,1.000177025794983,86570105642,383.07391357421875,3647221590
35030.25,39714385405,2405.18115234375,27369692036,1.0001579523086548,90441827607,358.0961608886719,4226932408
36276.8046875,26017975951,2535.0390625,16481489511,1.0004910230636597,57296666670,383.9339599609375,2786834863
36654.328125,41856658597,2440.352294921875,28220804648,1.0004390478134155,88845381041,371.36895751953125,3210871602
36954.00390625,26428189594,2455.93505859375,16179776932,1.0006040334701538,58560287216,384.6193542480469,2325661159
36852.12109375,31324598034,2468.0302734375,21229909340,1.0006300210952759,70750980627,375.7554626464844,2226973227
37138.234375,25041426629,2423.001220703125,16126522783,1.0003440380096436,53950927548,390.0882873535156,1952844398
37784.33203125,22238830523,2547.092041015625,14666227351,1.00034499168396,50688257403,386.0843811035156,1592850476
38138.1796875,17194183075,2597.084716796875,11172062661,1.0003620386123657,39357192812,389.1327819824219,1330610935
37917.6015625,14643548444,2603.466552734375,9501221177,1.0003410577774048,35043713256,377.6129150390625,1289330238
38483.125,20734730465,2688.27880859375,13778234614,1.0004849433898926,45082693892,375.2773132324219,1386778184
38743.2734375,20288500328,2792.1171875,13194846235,1.0004260540008545,43193864245,385.46380615234375,1392647608
36952.984375,19155189416,2682.85400390625,13876301217,1.000380039215088,44198324772,367.4716796875,1290849744
37154.6015625,18591534769,2679.16259765625,12755505065,1.0003859996795654,41979444063,370.87774658203125,1202744039
41500.875,29412210792,2983.5869140625,18987223729,1.0005630254745483,59154422463,399.02960205078125,1711084752
41441.1640625,19652846215,3014.648193359375,13102093957,1.000594973564148,50686325002,414.20001220703125,2039010962
42412.43359375,16142097334,3057.47607421875,9466018022,1.0006790161132812,40572292703,419.5455627441406,1427593921
43840.28515625,28641855926,3142.470703125,15197063785,1.0005550384521484,64635714287,433.2292785644531,1755674427
44118.4453125,33079398868,3122.608642578125,17136080906,1.0006190538406372,72230569455,408.7767639160156,2247004672
44338.796875,23245887300,3239.45703125,13951308490,1.0007439851760864,53386706331,422.4655456542969,1601745132
43565.11328125,32142048537,3077.482177734375,18629485080,1.0007259845733643,77334791717,415.1192321777344,2037888603
42407.9375,26954925781,2927.383544921875,16043881065,1.000722050666809,66753002645,400.4223937988281,1714654174
42244.46875,18152390304,2917.36279296875,11254355757,1.000601053237915,49138854287,403.3897399902344,1372516416
42197.515625,14741589015,2883.46337890625,9054963563,1.0004559755325317,41277090178,398.88677978515625,1151509777
42586.91796875,20827783012,2933.47900390625,12164552172,1.000512957572937,48318327792,403.6607971191406,1269083662
44575.203125,22721659051,3179.877197265625,13921257873,1.0005849599838257,53542330209,432.4093933105469,2538883559
43961.859375,19792547657,3127.830078125,12352406833,1.000396966934204,48729582312,427.9181213378906,1670788158
40538.01171875,26246662813,2881.48193359375,15860206214,1.0005149841308594,59426477844,402.4500427246094,1644013199
40030.9765625,23310007704,2785.7275390625,15748173433,1.0005589723587036,52679060916,399.5691833496094,1554511893
40122.15625,13736557863,2763.701171875,9774183169,1.0005760192871094,37278604791,400.0435791015625,1192395484
38431.37890625,18340576452,2628.6484375,11641437834,1.0004080533981323,45611091002,380.825927734375,1431745519
37075.28125,29280402798,2573.816162109375,18646392740,1.0005019903182983,72043746349,356.6612548828125,2164511484
38286.02734375,25493150450,2639.29931640625,16360200507,1.000704050064087,60539262856,374.3074645996094,2037210077
37296.5703125,21849073843,2590.359619140625,13382637240,1.0004980564117432,54845607157,366.53948974609375,1644707704
38332.609375,46383802093,2598.067138671875,29312342666,1.0006359815597534,107952010250,361.2346496582031,2972951900
39214.21875,26545599159,2764.53564453125,17208902048,1.000473976135254,66025345539,374.9149475097656,1839035023
39105.1484375,17467554129,2781.11181640625,11724648351,1.000396966934204,46708690534,373.6387634277344,1319208551
37709.78515625,23450127612,2621.8017578125,16150857254,1.0004910230636597,57257598779,360.5310363769531,1600855952
43193.234375,35690014104,2919.201171875,19266124733,1.0003509521484375,72330789600,395.6124267578125,1868349380
44354.63671875,32479047645,2972.485107421875,18757425786,1.0004520416259766,75388694286,408.4822998046875,2885318336
43924.1171875,29183112630,2950.118408203125,16636517503,1.0004669427871704,68076385283,409.00030517578125,2045870796
42451.7890625,24967782593,2834.468994140625,13091199728,1.0000170469284058,57033279685,402.5506896972656,1598018507
39137.60546875,28516271427,2617.156005859375,14496939024,1.0001970529556274,61900652306,374.2808837890625,1740563403
39400.5859375,16975917450,2664.8310546875,8072368396,1.0002750158309937,39306054797,384.87335205078125,1321262776
38419.984375,19745229902,2555.037353515625,8872976607,1.0002440214157104,43914369258,375.0111999511719,1305295273
38062.0390625,28546143503,2497.771240234375,14594098731,1.0001230239868164,61333826920,381.3446350097656,2058321705
38737.26953125,25776583476,2576.74755859375,13922922903,1.0002820491790771,55667916973,381.95855712890625,1684540144
41982.92578125,32284121034,2729.783447265625,14173665398,1.0002939701080322,67017876859,393.5557556152344,2425559108
39437.4609375,31078064711,2608.048583984375,13292477213,1.0005650520324707,65784999972,372.1590270996094,2105808203
38794.97265625,26364890465,2559.56298828125,12382419582,1.0002000331878662,58051333936,372.1840515136719,1550840418
38904.01171875,14616450657,2574.754150390625,6532996574,1.000080943107605,38101124958,372.7303771972656,1211417865
37849.6640625,17300745310,2518.944580078125,8632000379,1.0001989603042603,42268710956,361.8498229980469,1242011950
39666.75390625,24322159070,2590.696044921875,11244398839,1.0002189874649048,52613345077,373.4661560058594,1455465550
39338.78515625,23934000868,2620.149658203125,12861105614,1.0003340244293213,52961395870,371.62884521484375,1360640456
41143.9296875,39616916192,2772.0556640625,17915109769,1.0004349946975708,74673285342,385.5282287597656,1788844135
40951.37890625,22009601093,2814.8544921875,12685265194,1.000499963760376,52913216462,391.8247375488281,1635657390
41801.15625,34421564942,2945.343017578125,15830879093,1.0004830360412598,64969319781,397.6455078125,1666543771
42190.65234375,19664853187,2946.257080078125,11576463120,1.0005099773406982,58881848497,399.8535461425781,1532550954
41247.82421875,20127946682,2860.459228515625,12684727326,1.000427007675171,57837125338,390.76837158203125,1334193471
41077.99609375,24615543271,2897.9765625,15206116098,1.0003470182418823,64828148834,396.44781494140625,1657341491
42358.80859375,32004652376,2973.131103515625,16830539230,1.00033700466156,71455738693,404.31494140625,1795119554
42892.95703125,25242943069,3031.067138671875,16008767658,1.0004090070724487,68181581345,408.6097717285156,1645651129
43960.93359375,31042992291,3108.06201171875,18070503166,1.000599980354309,77842904360,414.1269836425781,1831451218
44348.73046875,30574413034,3106.67138671875,17030503831,1.00040602684021,64320675570,410.8111572265625,1678265707
44500.828125,16950455995,3143.178955078125,8876420740,1.0003609657287598,39871932342,415.9197998046875,1082240527
46820.4921875,28160889722,3291.57763671875,13431866834,1.0003759860992432,59103680528,430.5032653808594,1499505093
47128.00390625,36362175703,3336.634521484375,20620450770,1.0004119873046875,86217871591,430.390869140625,2128699500
47465.73046875,31397059069,3401.98779296875,19533323636,1.0004500150680542,80447404974,434.50567626953125,1987696098
47062.6640625,29333883962,3385.157958984375,15302506131,1.0002779960632324,79713341087,442.6848449707031,2181737151
45538.67578125,33327427106,3281.642822265625,17685495686,1.0003039836883545,90489848043,428.9161071777344,2632534284
46281.64453125,38162644287,3449.55224609375,20982988937,1.000357985496521,92250507858,446.6042785644531,2718206274
45868.94921875,29336594194,3445.059326171875,23571556215,1.0003440380096436,79916606735,436.9553527832031,2272901729
46453.56640625,25414397610,3522.83349609375,15333808649,1.0002729892730713,67183096448,450.348876953125,2128734028
46622.67578125,32499785455,3521.2412109375,18209969743,1.0002280473709106,79820905659,447.5249328613281,2248856403
45555.9921875,29640604055,3411.79248046875,16681503199,1.0001939535140991,71594982811,445.172607421875,2268650039
43206.73828125,39393395788,3171.69189453125,25632563639,1.000154972076416,92098510461,420.1463623046875,2323241738
43503.84765625,26101973106,3233.274658203125,16745496605,1.0002620220184326,61906251582,436.7967834472656,2125042415
42287.6640625,27215995394,3192.073974609375,17557050669,1.0002880096435547,64297486911,421.67724609375,1951923760
42782.13671875,16050772496,3261.916259765625,9908112156,1.000372052192688,40069848333,427.1530456542969,1399108286
42207.671875,17654475582,3211.866943359375,10427054790,1.0002919435501099,43341611560,418.5906677246094,1410282903
39521.90234375,33949912166,2981.05224609375,21891804831,1.0003479719161987,73914574528,394.0868835449219,2192782724
40127.18359375,30991500854,3030.37646484375,20235707410,1.0004349946975708,68489224153,413.8739318847656,2140526232
41166.73046875,27691105228,3118.34423828125,16088473629,1.0002750158309937,57894656914,423.1301574707031,1932053164
39935.515625,24342001973,3019.909423828125,15821419931,1.0001269578933716,52908937427,414.6637268066406,1615484732
40553.46484375,21756855753,3040.91650390625,11256651536,1.0002390146255493,42988969647,417.2937316894531,1242920077
40424.484375,16833150693,3062.310302734375,8766710365,1.0002959966659546,35315439111,417.47845458984375,1022481382
39716.953125,19087633042,2993.4033203125,10463091281,1.0003139972686768,40964576376,407.3777160644531,1088306780
40826.21484375,33705182072,3057.606689453125,18629381299,1.0002180337905884,68691204704,416.9684143066406,1925668122
41502.75,25303206547,3104.1064453125,14156035096,1.0003429651260376,57975539645,422.3870544433594,1854452731
41374.37890625,27819532341,3077.745849609375,15547362265,1.000201940536499,66021482830,418.354248046875,2035166767
40527.36328125,35372786395,2987.480712890625,20783591093,1.0001569986343384,77014328066,405.0214538574219,2190281843
39740.3203125,28011716745,2964.835693359375,16782795477,1.0002340078353882,60728483573,406.9875183105469,1895749713
39486.73046875,16138021249,2938.114013671875,9116955609,1.0002280473709106,38357597167,401.6524658203125,1354484386
39469.29296875,17964398167,2922.732666015625,9696829579,1.0003440380096436,39519383045,399.1053771972656,1222468479
40458.30859375,35445730570,3009.3935546875,22332690614,1.0001449584960938,73256647805,404.35028076171875,1910707893
38117.4609375,34569088416,2808.29833984375,19052045399,1.000072956085205,69068297656,385.4830627441406,1671963898
39241.12109375,30981015184,2888.9296875,17419284041,1.0001529455184937,61043327313,391.4458312988281,1512587369
39773.828125,33903704907,2936.94091796875,18443524633,1.0001909732818604,68392086439,406.71820068359375,2116381172
38609.82421875,30882994649,2815.601806640625,18771041399,1.0000200271606445,67899674445,393.0621643066406,1928209754
37714.875,23895713731,2730.186767578125,13520941867,1.000154972076416,57266339850,377.767822265625,1467605770
38469.09375,27002760110,2827.756103515625,15332730152,1.0001130104064941,61420362842,390.281982421875,1553846706
38529.328125,32922642426,2857.410400390625,18609741545,0.9999549984931946,63751566652,389.670654296875,1388077917
37750.453125,27326943244,2783.476318359375,13026093219,1.0000449419021606,52924035065,383.4757995605469,1295877765
39698.37109375,36754404490,2940.644775390625,18186749944,1.0000380277633667,72222517203,402.5026550292969,1714496792
36575.140625,43106256317,2749.213134765625,22642925048,0.9999880194664001,85679638685,378.77362060546875,2389487319
36040.921875,37795577489,2694.979736328125,21027599270,0.9999819993972778,81327879764,379.3042907714844,1834770716
35501.953125,24375896406,2636.093017578125,13369276367,0.9999210238456726,57202594793,365.6841125488281,1527960119
34059.265625,36763041910,2517.4599609375,20802269935,0.9998540282249451,77900163502,355.39874267578125,1875845651
30296.953125,63355494961,2245.430419921875,36333567678,0.999908983707428,120710294040,299.34893798828125,2943374129
31022.90625,59811038817,2343.510986328125,38202099639,0.9997910261154175,128692083965,319.32696533203125,3210603809
28936.35546875,70388855818,2072.108642578125,45743399154,0.9958720207214355,159700404396,269.9627685546875,3870618668
29047.751953125,66989173272,1961.7015380859375,42463486402,0.99760901927948,141052751792,269.4072570800781,4739990237
29283.103515625,42841124537,2014.418212890625,24816096567,0.9982389807701111,87009885196,290.5841979980469,2774121165
30101.265625,28579868620,2056.27392578125,15457044616,0.9987800121307373,60781876668,297.3876037597656,1884570404
31305.11328125,25835372065,2145.706787109375,14846088335,0.9990689754486084,53979914930,312.0077209472656,1611088257
29862.91796875,32613897286,2022.7259521484375,21459552191,0.9987789988517761,62504490441,297.7101135253906,1754184298
30425.857421875,29101473475,2090.4091796875,18509929297,0.9989089965820312,55745978864,305.96343994140625,1584497815
28720.271484375,31285268319,1916.6561279296875,17740965589,0.9988020062446594,56067250693,287.43878173828125,1520090732
30314.333984375,33773447707,2018.336181640625,18734247914,0.9989709854125977,59651836770,306.79156494140625,1646882950
29200.740234375,30749382605,1961.315673828125,15892482289,0.9988179802894592,54960961209,302.3592224121094,1756670714
29432.2265625,17274840442,1974.518310546875,8546822406,0.9987930059432983,34924240134,312.4660339355469,1318736979
30323.72265625,21631532270,2043.170166015625,10941123403,0.9990659952163696,40965864100,319.6090087890625,1604297406
29098.91015625,31483454557,1972.181884765625,16434529708,0.9990879893302917,58585612765,316.76055908203125,2228144099
29655.5859375,26616506245,1978.9827880859375,13057109007,0.9991070032119751,51053417289,328.1893310546875,2002782969
29562.361328125,27525063551,1944.827880859375,13364545730,0.9989759922027588,50311844127,325.73480224609375,2008481372
29267.224609375,36774325352,1803.913330078125,23458681818,0.9989070296287537,67771285444,304.96392822265625,2686414043
28627.57421875,36582005748,1724.9228515625,25470760032,0.9988629817962646,67961870830,300.9720458984375,2593113824
28814.900390625,35519577634,1757.9417724609375,23214777872,0.9990019798278809,37159842905,307.8154296875,1471633413
29445.95703125,18093886409,1812.031005859375,10642556101,0.9991779923439026,34572061153,305.9750671386719,1208835000
31726.390625,39277993274,1996.4412841796875,19580808705,0.9993759989738464,65155466235,321.7528991699219,2064357375
31792.310546875,33538210634,1942.3280029296875,18363115560,0.9993879795074463,62841794272,320.485107421875,1711532960
29799.080078125,41135817341,1823.5693359375,21037797760,0.9992600083351135,68866735590,300.5040588378906,1763624947
30467.48828125,29083562061,1834.1505126953125,17065041354,0.9993169903755188,50520845556,308.1017761230469,1228180850
29704.390625,26175547452,1775.07861328125,14878001811,0.9991700053215027,43789145735,298.39788818359375,1115211127
29832.9140625,16588370958,1801.6094970703125,8677951273,0.9993129968643188,30834183068,301.6311340332031,805954970
29906.662109375,17264085441,1805.2049560546875,8850385937,0.9992960095405579,30872185296,298.9347229003906,779603321
31370.671875,31947336829,1859.2896728515625,16518471852,0.9993109703063965,51540243030,295.3960266113281,1470941103
31155.478515625,40770974039,1814.04833984375,24020076750,0.9994140267372131,67008901675,290.34112548828125,1752763456
30214.35546875,30242059107,1793.572265625,18041476023,0.9992619752883911,52176620958,288.6160888671875,1136631692
30111.998046875,21692004719,1789.8260498046875,12013083393,0.99931401014328,42359067750,289.9196472167969,800984464
29083.8046875,29867476527,1665.042236328125,18504740451,0.999180018901825,49685289881,286.04669189453125,1362797648
28360.810546875,27246574439,1529.6634521484375,21127089064,0.9990249872207642,48736816876,269.48699951171875,1220361307
26762.6484375,34163220274,1445.216552734375,23465074882,0.9990800023078918,59051274983,255.9508819580078,1380200465
22487.388671875,68204556440,1204.582763671875,45162788786,0.9985939860343933,107410569162,222.5057830810547,2471570710
22206.79296875,50913575242,1211.662841796875,33327826525,0.9989539980888367,81024425505,223.22125244140625,2027226914
22572.83984375,54912007015,1233.2064208984375,37539999450,0.9989420175552368,89017006423,233.39671325683594,2244407305
20381.650390625,31183975654,1067.730712890625,18907671369,0.9989299774169922,52400892767,209.5387420654297,1483212957
20471.482421875,27132421514,1086.519287109375,14591486540,0.9990360140800476,43836219287,215.8917999267578,1108538874
19017.642578125,42009436760,993.6367797851562,21655406608,0.9986670017242432,61973128141,197.04299926757812,1579731402
20553.271484375,35329942625,1127.656494140625,21795481981,0.9989690184593201,55603476684,214.9205322265625,1333254615
20599.537109375,30818458597,1127.6424560546875,19739691429,0.9989569783210754,52157987688,216.93426513671875,1235838900
20710.59765625,28970212744,1124.8245849609375,15632089439,0.9990940093994141,50165859626,219.49862670898438,1165714518
19987.029296875,28574793478,1051.421875,15010593493,0.9990950226783752,46130025676,214.2619171142578,1050984086
21085.876953125,26188097173,1143.38671875,14657862919,0.9992799758911133,43198538082,228.95375061035156,1148541185
21231.65625,24957784918,1226.8447265625,16981552654,0.9993249773979187,46919267632,240.23831176757812,1127877901
21502.337890625,18372538715,1243.4468994140625,12481946184,0.9995480179786682,36390241725,239.69065856933594,915553554
21027.294921875,18027170497,1199.8316650390625,12096607824,0.9993979930877686,37228683270,233.85874938964844,823875890
20735.478515625,20965695707,1193.6806640625,12492225250,0.9990919828414917,39296953700,233.65402221679688,841135242
20280.634765625,21381535161,1144.5792236328125,14023205651,0.9988319873809814,40773930242,226.92733764648438,1082126615
20104.0234375,23552740328,1098.94384765625,15386286815,0.9988840222358704,44380636377,219.2844696044922,1062609997
19784.7265625,26267239923,1067.298828125,16350755497,0.9988189935684204,45578518327,219.3000946044922,1088852065
19269.3671875,30767551159,1059.767333984375,17499453625,0.9988669753074646,49683415220,216.0154571533203,1234215934
19242.255859375,18100418740,1066.5128173828125,9935603640,0.998960018157959,31666712588,218.0352325439453,767361243
19297.076171875,16390821947,1073.7669677734375,8557248150,0.9990779757499695,27890770459,218.98031616210938,724525676
20231.26171875,21594638208,1151.05908203125,13670889311,0.9991090297698975,37816157114,231.57412719726562,1039372640
20190.115234375,26715546990,1134.541015625,16195518291,0.9990919828414917,46794873591,230.8463592529297,1310031377
20548.24609375,24598943708,1186.9739990234375,15373536703,0.999098002910614,41932894214,238.49993896484375,1266715664
21637.587890625,25814972520,1237.5933837890625,14230795894,0.9994459748268127,41395542117,241.5445098876953,1108137930
21731.1171875,49899834488,1222.5062255859375,16315929082,0.9994180202484131,64720676603,240.75071716308594,1341618380
21592.20703125,29641127858,1216.978271484375,8821353104,0.999538004398346,38957001478,243.24107360839844,851653424
20860.44921875,28688807249,1168.401611328125,10984558039,0.9994649887084961,40170710077,234.65557861328125,881096013
19970.556640625,24150249025,1097.236572265625,12064180410,0.9992250204086304,38726869251,225.85850524902344,1021066311
19323.9140625,25810220018,1038.191650390625,12583282453,0.9993429780006409,40368791506,220.4645538330078,1140033692
20212.07421875,33042430345,1113.587158203125,18302588147,0.9993839859962463,51757860849,230.52476501464844,1431776142
20569.919921875,31158743333,1191.5262451171875,16688640823,0.9994069933891296,49222660233,238.1644744873047,1609361574
20836.328125,25905575359,1233.129150390625,17411448225,0.999705970287323,45982487607,238.57398986816406,1151260376
21190.31640625,24302954056,1352.62646484375,18364013796,0.9997739791870117,44126749597,249.5938720703125,1030985968
20779.34375,22927802083,1338.6357421875,16079711737,0.9997339844703674,42189248625,247.84848022460938,1050861669
22485.689453125,39974475562,1578.7178955078125,27440420623,0.9997770190238953,70390606911,264.88604736328125,1632324536
23389.43359375,48765202697,1542.9752197265625,27753529276,1.0000920295715332,77160548741,268.81732177734375,1925805446
23231.732421875,42932549127,1520.20068359375,22942708340,1.000067949295044,68306872702,258.33880615234375,1675018362
23164.62890625,33631012204,1576.74951171875,20009556587,1.0000799894332886,55292189306,265.4625549316406,1220055525
22714.978515625,31421555646,1537.4051513671875,18926100582,1.0000519752502441,51645071119,262.87744140625,1173778496
22465.478515625,24021799169,1549.2974853515625,14998811383,1.0000360012054443,43014917183,259.4630126953125,1108172504
22609.1640625,23565495303,1599.4766845703125,17217849557,1.000035047531128,41955275140,261.8648681640625,913146574
21361.701171875,35574561406,1445.3834228515625,20585056021,1.0000619888305664,56307512994,245.14849853515625,1005244476
21239.75390625,28624673855,1441.8067626953125,18238563509,1.000046968460083,48266723630,248.9583740234375,926779355
22930.548828125,31758955233,1636.232666015625,23007524016,1.0002739429473877,60104591185,271.5043640136719,1405510237
23843.88671875,40212386158,1725.4681396484375,27231399966,1.0002000331878662,75754591120,277.2939147949219,1648592412
23804.6328125,35887249746,1727.406982421875,23249531113,1.000311017036438,72013108986,293.9533386230469,2562325488
23656.20703125,28148218301,1695.969482421875,15576977870,1.000288963317871,57489826931,287.5361328125,1578905327
23336.896484375,23553591896,1681.517333984375,14200735370,1.0003279447555542,52267348020,283.5794677734375,1313531523
23314.19921875,25849159141,1635.19580078125,16191371176,1.0002039670944214,50882756969,283.53948974609375,1314157614
22978.1171875,28389250717,1632.9454345703125,20426082309,1.0001590251922607,54793315279,283.82098388671875,1768344106
22846.5078125,26288169966,1618.87451171875,16786218830,1.0002039670944214,47717439471,298.3567810058594,2133584480
22630.95703125,25120229769,1608.205810546875,14467440626,1.0001330375671387,44526180493,310.7060546875,1926587001
23289.314453125,28881249043,1732.254638671875,18546491876,1.0000419616699219,49723473321,315.185546875,1585061398
22961.279296875,15978259885,1691.6580810546875,11757911705,1.0001250505447388,32961917502,315.06890869140625,1151509385
23175.890625,15886817043,1699.350830078125,10252090340,1.0001440048217773,29901528651,322.921142578125,1012978419
23809.486328125,28575544847,1775.51611328125,16841424404,1.000177025794983,50243147547,324.8004150390625,1318773332
23164.318359375,23555719219,1703.0250244140625,16368619692,1.0002089738845825,46070684571,324.9123229980469,1139003043
23947.642578125,32837431722,1851.74267578125,23512477984,1.0002529621124268,60085173824,328.4711608886719,1738218767
23957.529296875,37127036580,1881.22412109375,23826986482,1.00040602684021,64445391375,323.80023193359375,1511577808
24402.818359375,27265804688,1957.2464599609375,17168141904,1.0003360509872437,46783370955,327.5146789550781,980643843
24424.068359375,22987346289,1981.3365478515625,16038975216,1.0003759860992432,41593883061,323.8701477050781,991712327
24319.333984375,22994133555,1936.802001953125,14062754456,1.000270962715149,43866838979,317.98663330078125,936178150
24136.97265625,35123501685,1904.2281494140625,20349931313,1.0001740455627441,57703388667,319.8872985839844,1141553086
23883.291015625,27753685646,1878.139404296875,15637578930,1.0001150369644165,46945222159,316.4236755371094,963072351
23335.998046875,30931623076,1832.9996337890625,20308508124,1.000072956085205,53355167557,306.63641357421875,1111784114
23212.73828125,23747613147,1847.0078125,14999352229,0.9999989867210388,43149679443,298.1412353515625,1041814513
20877.552734375,40509610260,1612.9873046875,25906358731,1.000059962272644,64302127382,279.7187194824219,1598319492
21166.060546875,27595671000,1577.0037841796875,18334580263,0.9999740123748779,64302127382,283.6931457519531,1315367730
21534.12109375,23102307723,1619.3189697265625,15849221752,0.9999939799308777,45699064002,302.0562744140625,1249205607
21398.908203125,31666498758,1622.505859375,18557078599,0.9999840259552002,51710064329,300.5591125488281,1463703478
21528.087890625,31878280659,1662.7698974609375,18322041914,0.9999920129776001,52978066914,299.0299377441406,1034959891
21395.01953125,31962253368,1657.0592041015625,16780932907,1.000038981437683,48708536003,296.4496765136719,935405757
21600.904296875,31028679593,1696.45703125,14818795695,1.0000799894332886,45854093190,301.5836486816406,973529233
20260.01953125,42326789564,1507.7828369140625,26713710143,1.0000430345535278,62406193046,279.5981750488281,1210077085
20041.73828125,30116729776,1491.39501953125,18120831899,1.0000189542770386,43316381517,277.80157470703125,962669292
19616.814453125,24366810591,1430.54736328125,12823572918,1.0000280141830444,34337927087,276.2508850097656,758285305
20297.994140625,32637854078,1553.037353515625,17965837488,1.0000319480895996,45837060552,286.2214050292969,1009161525
19796.80859375,34483360283,1523.8388671875,21835784470,1.000080943107605,50170084207,281.42535400390625,979620743
20049.763671875,33225232872,1553.6849365234375,20591680941,1.0000159740447998,48405934722,279.23809814453125,952486877
20127.140625,30182031010,1586.1767578125,16434276817,1.0000100135803223,44702355872,278.417236328125,954919263
19969.771484375,29123998928,1577.220458984375,17708478709,1.0000890493392944,44468235183,277.4161071777344,807053745
19832.087890625,23613051457,1556.8726806640625,9516825994,1.000074028968811,30873646175,277.77557373046875,490102253
19986.712890625,25245861652,1577.6416015625,8884144998,1.00006103515625,31495577330,278.84185791015625,512014471
19812.37109375,28813460025,1617.1832275390625,13060541168,1.0000380277633667,39598045837,276.6859130859375,665273781
18837.66796875,43403978910,1561.74853515625,22946059125,1.0000489950180054,64015343588,262.66839599609375,1173656468
19290.32421875,35239757134,1629.9063720703125,19560363854,1.0001089572906494,52755357561,278.7613220214844,963734560
19329.833984375,32194477850,1635.34765625,17621046717,1.0001020431518555,49640976411,280.5774841308594,870477242
21381.15234375,48469528171,1719.08544921875,20242323690,1.0002349615097046,70683518131,293.4071350097656,1139680146
21680.5390625,36913738894,1776.2037353515625,13130928217,1.0002809762954712,53524443076,296.96905517578125,851195253
21769.255859375,34493951963,1761.800048828125,12464301922,1.00027596950531,47160062304,295.161865234375,700835025
22370.44921875,50212088965,1713.7652587890625,17688391310,1.0002039670944214,66834639114,293.6587219238281,998624528
20296.70703125,51091116622,1580.7879638671875,23066821734,1.0000250339508057,71413926112,277.5769348144531,1136956066
20241.08984375,37872380889,1634.7550048828125,17897150206,1.000141978263855,55170613417,279.3858642578125,956413768
19701.2109375,36389011503,1471.6934814453125,26946275878,1.0000029802322388,60606622307,270.806884765625,1080164338
19772.583984375,30123362273,1432.44775390625,16764804299,0.9999809861183167,46290851147,274.6545715332031,803452434
20127.576171875,24957448100,1469.74169921875,10798098671,1.0000979900360107,34904822689,279.24932861328125,560951664
19419.505859375,31254779144,1335.3291015625,15762284723,1.0000230073928833,46056427438,266.31317138671875,789437105
19544.12890625,40177002624,1377.5413818359375,18712714223,1.0001059770584106,56769197831,272.06982421875,1074224923
18890.7890625,36791346508,1324.38818359375,14722317220,1.000059962272644,50515394641,266.3695983886719,845702947
18547.400390625,46363793975,1252.6077880859375,20643507800,1.0000859498977661,63560607050,264.7920837402344,1057177278
19413.55078125,41135767926,1327.68017578125,18461527259,0.9999840259552002,54330130153,275.5002746582031,843345381
19297.638671875,38896078052,1328.259521484375,18771106339,0.9999809861183167,58265731392,276.6262512207031,869618433
18937.01171875,26149643168,1317.9932861328125,12098209717,1.0000499486923218,39015165939,275.1353759765625,818302597
18802.09765625,23359966112,1294.216796875,11802651633,1.000054955482483,35041309688,274.0612487792969,640533920
19222.671875,44148798321,1335.3201904296875,16034549271,0.9999899864196777,57810071895,275.9278564453125,716989161
19110.546875,58571439619,1330.127685546875,17870598937,0.9999799728393555,71681603882,272.40155029296875,927431127
19426.720703125,53071298734,1337.410888671875,18994979566,0.9999759793281555,65738293663,281.7812194824219,857467325
19573.05078125,41037843771,1335.65234375,13796915736,1.0000790357589722,52649004466,283.7890319824219,800888080
19431.7890625,43975248085,1327.9786376953125,14250100093,1.0000489950180054,55223655589,284.1922912597656,905481572
19312.095703125,18719537670,1311.6444091796875,6227961237,1.0000430345535278,27312920843,282.8719177246094,593375648
19044.107421875,20765955327,1276.093505859375,7578351650,1.000059962272644,30109417396,284.43310546875,556343468
19623.580078125,30484729489,1323.439208984375,10153070907,1.0000890493392944,40191505534,287.031982421875,700566674
20336.84375,35887278685,1362.1265869140625,10139774963,1.000251054763794,44505643606,296.2984619140625,794566055
20160.716796875,33223790572,1352.837158203125,9774451820,1.0001089572906494,41883470473,294.1376647949219,656837388
19955.443359375,34711412966,1351.70947265625,12033514861,1.000143051147461,43958843047,286.6341552734375,1010110227
19546.849609375,29227315390,1332.5169677734375,10061619355,1.0001219511032104,38019451874,283.18267822265625,952606066
19416.568359375,16437423167,1315.50048828125,5804676208,1.0000829696655273,23441883205,276.4695739746094,604706997
19446.42578125,16837262532,1322.604248046875,5486230123,1.0001579523086548,22977760897,278.2380676269531,570350814
19141.484375,27425022774,1291.337646484375,8794491050,1.0000180006027222,37843287016,271.8060607910156,655201928
19051.41796875,28711532910,1279.57568359375,9274845260,0.9999009966850281,38468219592,271.37139892578125,584301468
19157.4453125,24950173846,1294.9063720703125,8355638578,0.9999920129776001,33048616462,270.97100830078125,546926291
19382.904296875,44219840004,1288.1239013671875,17499038202,1.0000790357589722,60450860335,271.8514099121094,1124480167
19185.65625,38452356727,1297.422119140625,13113767755,1.000074028968811,48926387475,269.5671691894531,809144930
19067.634765625,16192235532,1274.8717041015625,6798512624,1.000087022781372,25527432092,268.4040832519531,491674298
19268.09375,17988916650,1306.296630859375,7491625206,1.0000569820404053,27428821905,272.51995849609375,563344666
19550.7578125,27472552998,1331.713623046875,9401189650,1.00006902217865,36706571573,275.5125732421875,594844795
19334.416015625,30580012344,1310.447021484375,10416747806,1.0001059770584106,39012357142,273.2145690917969,599934776
19139.53515625,22425387184,1285.7442626953125,8350692785,1.000059962272644,32767030077,271.9813537597656,497761035
19053.740234375,24493974420,1283.200927734375,9009111996,0.9999939799308777,32981854458,269.2712707519531,539795617
19172.46875,32459287866,1299.9464111328125,10412565245,1.0001230239868164,41430999058,270.0384216308594,593811687
19208.189453125,16104440957,1314.2991943359375,7175324564,1.0000849962234497,24133042918,270.4794921875,391459296
19567.0078125,22128794335,1363.447021484375,9909510925,1.0000770092010498,31629519444,276.0081787109375,483765500
19345.572265625,30202235805,1344.99853515625,13092820173,1.0000569820404053,40494105063,273.9774169921875,535946814
20095.857421875,47761524910,1461.6654052734375,25367291294,1.0002080202102661,64740988487,284.4325256347656,940035659
20770.44140625,58895950537,1566.566650390625,32705548427,1.0001989603042603,78294376043,290.3769836425781,1017326051
20285.8359375,49625110402,1514.3748779296875,22813499245,1.0000920295715332,68447928073,286.8441162109375,874526054
20595.3515625,43994715910,1555.4779052734375,19974623205,1.0001460313796997,61718295435,298.0141906738281,1072756219
20818.4765625,40369840645,1619.698486328125,21618154775,1.0002260208129883,67603092351,304.21795654296875,1397370727
20635.603515625,31486345556,1590.7833251953125,13930073427,1.0001790523529053,52873524542,313.7547912597656,1451550019
20495.7734375,45668466815,1572.7144775390625,19306919714,0.9999470114707947,67168423338,326.3607177734375,2168405759
20485.2734375,39819303159,1579.70458984375,14507311208,0.9999240040779114,56795449219,324.5794372558594,1329110451
20159.50390625,55552169483,1519.7117919921875,23254218281,0.9999960064888,76399032768,320.1505432128906,1411029750
20209.98828125,43228750179,1531.541748046875,14248351007,1.0000070333480835,61590549857,329.71697998046875,1514834239
21147.23046875,64072727950,1645.0933837890625,20806964347,1.0000760555267334,88078834184,354.4063720703125,1938879952
21282.69140625,37846047609,1627.968017578125,11006973190,1.0001189708709717,57121137337,349.25372314453125,1231594445
20926.486328125,35082693210,1572.2347412109375,11632744705,1.0000900030136108,51095877870,339.3893737792969,1143505730
20602.81640625,53510852236,1568.59130859375,15279963349,1.0000940561294556,72598608064,337.0145568847656,1811518274
18541.271484375,118992465607,1332.8355712890625,42048003440,1.0000319480895996,162734866334,327.6902770996094,5390603525
15880.7802734375,102905151606,1100.1697998046875,38864492427,0.9986000061035156,143975136007,266.8531188964844,3191459132
17586.771484375,83202283721,1299.464599609375,28581002122,0.9978349804878235,114807119109,304.0800476074219,2461275687
17034.29296875,55871616488,1287.2210693359375,20920539099,0.9982179999351501,74933538836,289.820556640625,1625174426
16799.185546875,29717699419,1255.268310546875,10964962767,0.9986159801483154,40298138489,282.3412780761719,1189401392
16353.365234375,27209183682,1221.8192138671875,10717455214,0.9987549781799316,40189889540,276.5794372558594,956106804
16618.19921875,49630243054,1241.604248046875,15028035663,0.9990130066871643,65634612428,278.57843017578125,1541330420
16884.61328125,36599436183,1251.7362060546875,11798011594,0.9991300106048584,47859299075,276.8740234375,1116291060
16669.439453125,33925512989,1215.6025390625,11939561598,0.9992290139198303,45661177296,272.08160400390625,908816092
16687.517578125,27868914022,1200.80859375,9723646871,0.9994019865989685,37744442250,267.91131591796875,854777255
16697.77734375,26862218609,1212.30029296875,7979913378,0.9991629719734192,34879098921,273.91998291015625,685307608
16711.546875,16106223492,1218.4267578125,5978745776,0.999101996421814,23288439137,272.3976745605469,551451228
16291.83203125,21313378652,1142.4666748046875,9651002684,0.9989820122718811,33834889406,264.2351379394531,720361905
15787.2841796875,37429485518,1108.35302734375,14080099208,0.9990890026092529,54558293762,254.1682586669922,1094850661
16189.76953125,30726828760,1135.1734619140625,12040670755,0.9991570115089417,44056204568,266.3243408203125,800429058
16610.70703125,32958875628,1183.1995849609375,11242676044,0.9991940259933472,45720458651,297.8474426269531,1920236928
16604.46484375,26129037414,1203.983154296875,9706372376,0.9994210004806519,36841695607,300.4278259277344,1219177799
16521.841796875,18678255976,1198.9259033203125,5483308196,0.9995779991149902,25728613650,300.57769775390625,949045515
16464.28125,18000008764,1205.89794921875,5074160558,0.9995740056037903,25190862393,311.3884582519531,1221554861
16444.626953125,20443898509,1195.126953125,4486976868,0.9996039867401123,27588594951,307.4292907714844,793779029
16217.322265625,27743025156,1170.086181640625,7275411870,0.9996619820594788,37268352299,293.5272521972656,1154829072
16444.982421875,23581685468,1216.9012451171875,7639405818,0.9997439980506897,31450915067,295.4981689453125,986451640
17168.56640625,29523576583,1295.6885986328125,9836925304,1.0000150203704834,37405224166,300.7943420410156,1009620336
16967.1328125,22895392882,1276.27392578125,6857935276,1.0000439882278442,29913541569,292.0162048339844,1433086340
17088.66015625,19539705127,1294.3033447265625,6213645709,1.0000649690628052,26380777290,293.5274963378906,854253818
16908.236328125,16217776704,1243.3348388671875,5672609405,1.00006103515625,20609261957,290.5631408691406,634607105
17130.486328125,16824520830,1280.256591796875,5174128454,1.0001200437545776,21649754992,292.2882995605469,633441009
16974.826171875,22209086834,1259.6767578125,6120359523,1.0000540018081665,28743587598,288.4742736816406,705616866
17089.50390625,19889922369,1271.65380859375,5089212680,1.0000770092010498,25563996757,290.3544616699219,610280514
16848.126953125,19675404389,1232.4375,5752205180,1.0000020265579224,25829885797,284.284423828125,759320494
17233.474609375,20496603770,1281.1163330078125,6227269815,1.0001269578933716,25868764140,290.53717041015625,646645162
17133.15234375,20328426366,1264.2847900390625,5706183865,1.0000569820404053,25000886944,286.0904235839844,644239750
17128.724609375,12706781969,1266.3841552734375,3282499999,1.0000460147857666,16256414916,288.1252136230469,439735200
17104.193359375,14122486832,1263.8685302734375,3362005848,1.0000779628753662,17036610394,284.3904113769531,496833486
17206.4375,19617581341,1274.6190185546875,5151109364,1.0001070499420166,25872687355,276.2781982421875,974762447
17781.318359375,26634741631,1320.5491943359375,8812883119,1.0000170469284058,37452330494,271.9516906738281,1925504273
17815.650390625,25534481470,1309.3287353515625,7830915428,1.0001050233840942,31427740393,268.2315368652344,1026628081
17364.865234375,20964448341,1266.3538818359375,6032859783,1.0000779628753662,24979746073,258.2737121582031,709349174
16647.484375,24031608960,1168.2593994140625,9297811507,1.0001569986343384,31897990627,231.23243713378906,1264053277
16795.091796875,14463581825,1188.1495361328125,5077258586,1.000161051750183,21306704152,242.52928161621094,1196953526
16757.9765625,10924354698,1184.7152099609375,3350092519,1.000154972076416,14422416298,251.15638732910156,925487110
16439.6796875,17221074814,1167.60986328125,4943628091,1.0000799894332886,21820408554,240.65780639648438,751196285
16906.3046875,22722096615,1217.70361328125,6684951715,1.0001109838485718,26224288350,251.74453735351562,667866377
16817.53515625,14882945045,1213.5999755859375,4217182733,1.0000770092010498,18469483242,246.04698181152344,479296549
16830.341796875,16441573050,1218.18212890625,5297471739,1.0000109672546387,20067291688,245.890625,543367184
16796.953125,15329265213,1220.159423828125,4835831923,0.9999809861183167,18370924559,246.14817810058594,388929772
16847.755859375,9744636213,1221.1485595703125,2626153345,0.9999920129776001,11647419533,244.63552856445312,280627376
16841.986328125,11656379938,1218.9620361328125,3942720070,0.9999430179595947,14856104217,243.14149475097656,298063868
16919.8046875,11886957804,1226.974365234375,3282098400,0.9999949932098389,14986560291,244.1982879638672,276115280
16717.173828125,15748580239,1212.7916259765625,4091530737,0.9998499751091003,18554435182,246.5966796875,391342277
16552.572265625,17005713920,1189.986083984375,4991669631,0.9996860027313232,21161758512,244.1419219970703,414698978
16642.341796875,14472237479,1201.5953369140625,4132233940,0.9997349977493286,18567214596,246.47972106933594,345312528
16602.5859375,15929162910,1199.2327880859375,4055668253,0.99965900182724,19162959224,245.7792205810547,342300809
16547.49609375,11239186456,1196.771240234375,3018513333,0.9996740221977234,13466542553,246.3491973876953,307551853
16625.080078125,9244361700,1200.96484375,2399674550,0.9996920228004456,11344984018,244.13697814941406,278651737
16688.470703125,12097775227,1214.6566162109375,3765758498,0.999770998954773,16348780894,245.53590393066406,357733262
16679.857421875,13903079207,1214.77880859375,3392972131,0.9997590184211731,18233713873,246.13336181640625,377452410
16863.23828125,18421743322,1256.526611328125,6404416893,0.999763011932373,24715975399,259.11968994140625,632924961
16836.736328125,13692758566,1250.4385986328125,4001786456,0.9996970295906067,19334292777,256.4228515625,342934041
16951.96875,14413662913,1269.3790283203125,4977252792,0.9997379779815674,20350836697,259.8671569824219,417893264
16955.078125,7714767174,1264.2703857421875,2565213548,0.9998959898948669,11626878301,261.2828369140625,327712514
17091.14453125,9768827914,1287.3594970703125,3495088905,0.9999570250511169,14853747515,274.38507080078125,491734030
17196.5546875,18624736866,1321.5389404296875,7990438824,0.9999989867210388,31331363115,272.7015380859375,783671054
17446.29296875,15808338949,1336.5860595703125,5830173253,1.000100016593933,23843949758,277.2896423339844,470259383
17934.896484375,18372283782,1387.9327392578125,6314904311,1.0000189542770386,25576360686,285.0465087890625,466458216
18869.587890625,34971338710,1417.9384765625,12230193038,1.0000920295715332,41556485542,287.8123474121094,655903255
19909.57421875,29225029694,1451.6148681640625,7684148212,1.0002139806747437,35704375577,293.7330017089844,561853825
20976.298828125,38967784639,1550.7069091796875,15444626014,1.0001569986343384,53708266585,305.2411193847656,1087358891
20880.798828125,19298407543,1552.4794921875,6774614499,1.0003739595413208,30028224816,302.0706481933594,562889882
21169.6328125,26792494050,1576.83349609375,8454485431,1.0001260042190552,35957366329,298.9992370605469,602126315
21161.51953125,24999983362,1567.8460693359375,7599462786,1.0001029968261719,32250868598,299.82452392578125,529752305
20688.78125,30005625418,1515.5069580078125,10354880595,0.9999899864196777,40496222408,286.9910583496094,844268123
21086.79296875,21152848261,1552.5565185546875,6432638856,1.0000230073928833,25966707878,294.8522033691406,431382130
22676.552734375,28799154319,1659.754150390625,8528894754,1.0001790523529053,33794858528,304.9731750488281,669836014
22777.625,32442278429,1627.1181640625,8859250310,1.0002169609069824,40470629184,299.26116943359375,755028964
22720.416015625,24746386230,1628.382080078125,7517988734,1.0002340078353882,32852491605,303.04644775390625,571771274
22934.431640625,26518700512,1628.2510986328125,8264507375,1.0002039670944214,35271449760,305.50408935546875,520678637
22636.46875,26405069715,1556.604248046875,8180274691,1.0001300573349,34777970359,300.6123352050781,887528741
23117.859375,30685366709,1611.7110595703125,10598973448,1.0001749992370605,39242817276,307.3076477050781,667706772
23032.77734375,26357839322,1603.10595703125,8395315241,1.000082015991211,34910787321,304.8665466308594,540954388
23078.728515625,25383335641,1598.156494140625,8124465373,1.000182032585144,34658058512,308.12310791015625,484897937
23031.08984375,14712928379,1572.43505859375,5803653357,1.0001939535140991,23967491540,306.24432373046875,434715822
23774.56640625,27423687259,1646.1556396484375,8801292300,1.0000989437103271,33570913369,317.3362121582031,664644693
22840.138671875,27205595568,1567.3265380859375,9180418120,1.0000929832458496,37178895589,307.0688781738281,630938594
23139.283203125,22837828665,1586.535400390625,6585191019,1.0001169443130493,31416134222,312.3610534667969,487472184
23723.76953125,26683255504,1641.792724609375,8116969489,1.0000979900360107,36688644471,317.47259521484375,616638893
23471.87109375,32066936882,1643.2415771484375,10558081069,1.0001399517059326,43575657052,323.34979248046875,909077028
23449.322265625,27083066007,1664.74560546875,8169519805,1.0001310110092163,36792033814,332.2686767578125,861598551
23331.84765625,15639298538,1667.0592041015625,5843302512,1.000100016593933,24493083193,330.6170959472656,440935963
22955.666015625,19564262605,1631.6458740234375,6926696531,1.0001980066299438,30313569702,327.8693542480469,662969265
22760.109375,23825006542,1616.2470703125,6919871886,1.0001020431518555,32088027094,324.6271667480469,521894604
23264.291015625,27187964471,1672.0035400390625,8030277434,1.0000770092010498,39183502892,333.2278747558594,521804212
22939.3984375,25371367758,1650.716796875,7806089579,1.0001310110092163,39133872723,328.0886535644531,515127902
21819.0390625,32572572185,1546.438232421875,10524969124,1.0001590251922607,47895876169,305.9604187011719,778492045
21651.18359375,27078406594,1514.869140625,8397387897,1.0001529455184937,37581182134,305.9541320800781,492880078
21870.875,16356226232,1539.9267578125,5064007416,1.000162959098816,22803314101,310.61602783203125,348569462
21788.203125,17821046406,1515.03369140625,5319698775,1.0002100467681885,24662650244,312.9296569824219,520994815
21808.1015625,23918742607,1507.1658935546875,9363855114,1.000933051109314,41054083637,294.475341796875,1322505522
22220.8046875,26792596581,1556.8751220703125,9249575045,1.0004040002822876,40374822815,296.120361328125,662196432
24307.841796875,32483312909,1673.7459716796875,10015035156,1.0002180337905884,44524116301,317.1692199707031,667519216
23623.474609375,39316664596,1640.067626953125,12704861676,1.000162959098816,57045633961,304.7637023925781,1036335164
24565.6015625,41358451255,1694.7833251953125,9802443159,1.0002210140228271,53478834233,313.37799072265625,701575686
24641.27734375,19625427158,1691.8194580078125,5491437195,1.000182032585144,30777314971,316.6827087402344,467884011
24327.642578125,25555105670,1681.4361572265625,6959144003,1.000236988067627,39281755451,311.93585205078125,522437732
24829.1484375,28987376573,1702.6751708984375,7703604237,1.0001870393753052,44403471554,315.37744140625,676396150
24436.353515625,31252098714,1658.036376953125,8721608198,1.0001319646835327,45397558230,311.4720153808594,579359973
24188.84375,30199996781,1643.231689453125,9189387004,1.0000989437103271,43805622619,312.7811279296875,549179249
23947.4921875,30476264066,1651.0738525390625,9013236167,1.0001239776611328,40733371959,308.533935546875,472852406
23198.126953125,26811744928,1608.3731689453125,8909129423,1.0000699758529663,39747788121,302.0537109375,479926281
23175.375,16100721565,1594.9149169921875,5657686235,1.0001319646835327,25281973906,302.3846130371094,310503640
23561.212890625,16644534842,1640.817138671875,5727967432,1.000087022781372,23103836401,308.9970703125,312320211
23522.87109375,22660763494,1634.326416015625,7239824677,1.0001749992370605,31170898346,304.8558044433594,404806423
23147.353515625,20535363434,1605.8951416015625,6323676957,1.0001540184020996,29878544329,301.4748229980469,337673265
23646.55078125,24662841200,1663.4337158203125,7701847224,1.0001440048217773,33994082293,302.907470703125,377974810
23475.466796875,20386398516,1647.3193359375,7080950926,1.0000909566879272,28824873446,299.9461669921875,370516889
22362.6796875,26062404610,1569.1676025390625,9922240199,1.000100016593933,37747411845,290.2828369140625,450262903
22353.349609375,11166012913,1566.9239501953125,4389045367,1.0001139640808105,18409338907,289.5038757324219,289197235
22435.513671875,13317001733,1564.46875,5020886238,1.0001070499420166,19088160147,288.69970703125,287599378
22429.7578125,17353192895,1567.398681640625,5245153345,1.0000109672546387,24736796655,288.0549621582031,374160712
22219.76953125,22765452204,1561.93310546875,6854058349,1.000012993812561,31500223933,289.34368896484375,373176525
21718.080078125,22536575684,1534.0882568359375,7130327525,1.0000070333480835,31323198703,286.86700439453125,436665040
20363.021484375,30364664171,1438.6607666015625,9457897583,0.9999859929084778,41653343124,277.2961120605469,505668979
20187.244140625,39578257695,1429.1580810546875,12665194936,1.003046989440918,55191206438,277.4195861816406,558776711
20632.41015625,30180288176,1482.61669921875,14917080154,1.0076899528503418,65038416671,277.96142578125,523623578
22163.94921875,29279035521,1590.29296875,11480965122,1.0071489810943604,48442153750,289.67578125,483074620
24197.533203125,49466362688,1680.3089599609375,15711468959,1.0038700103759766,72852500939,308.9122009277344,1122664621
24746.07421875,54622230164,1703.507080078125,16159781303,1.0032470226287842,74778462453,309.37078857421875,866173920
24375.9609375,43655701450,1656.1805419921875,12715339905,1.0039459466934204,62575628923,307.12493896484375,596861029
25052.7890625,33866061747,1677.2154541015625,9364980166,1.0021339654922485,46345690965,329.8608703613281,1337194824
27423.9296875,50730261335,1792.485107421875,12467445117,1.0023260116577148,61866017598,339.0811462402344,934568148
26965.87890625,35723036817,1761.65966796875,10317822213,1.0023369789123535,47735900216,331.5242919921875,828471428
28038.67578125,37769448859,1785.5765380859375,9170565472,1.0030070543289185,44405090365,336.9782409667969,705888292
27767.236328125,44774027664,1735.3212890625,10978325507,1.0017900466918945,54497686907,332.9230041503906,682276624
28175.81640625,36102192830,1806.7607421875,10758627746,1.0015360116958618,49904460369,335.3092346191406,638610697
27307.4375,33382021890,1737.717041015625,12484103560,1.0018789768218994,50711682141,321.8877258300781,1280612242
28333.97265625,24220433689,1816.4051513671875,11012966854,1.0009599924087524,39641340671,329.8370056152344,547390925
27493.28515625,25980310960,1752.0447998046875,10913669383,1.0012589693069458,40600299923,322.3593444824219,468651735
27494.70703125,13383005987,1743.7647705078125,6614309912,1.0008480548858643,22544554979,322.6730651855469,439062620
27994.330078125,13878363192,1775.6767578125,6990313307,1.000892996788025,21431041962,328.88800048828125,363216136
27139.888671875,18188895178,1715.4608154296875,8585750760,1.0002330541610718,29216004744,310.9491271972656,656817420
27268.130859375,17783600385,1772.78564453125,8346890042,1.0003069639205933,27305773765,313.2606201171875,478328374
28348.44140625,20684945906,1793.0018310546875,9136176952,0.9999889731407166,32050016572,313.8417663574219,482942200
28033.5625,22435349951,1792.7371826171875,9724496987,1.0000929832458496,34935146979,316.56756591796875,594180917
28478.484375,19001327598,1822.0220947265625,9149379763,1.0001239776611328,29809423853,317.0400085449219,419430009
28411.03515625,10876469901,1813.860595703125,5556443606,1.0003010034561157,19879792202,315.2173156738281,463135728
28199.30859375,12284641999,1795.7081298828125,6199721188,1.000236988067627,21255417929,313.9286193847656,442429679
27790.220703125,19556501327,1810.297119140625,9643826401,1.0001829862594604,33940605510,308.5623779296875,701865645
28168.08984375,15284538859,1871.005126953125,10398322335,1.0002139806747437,28651211704,310.9948425292969,575672802
28177.984375,17052315986,1909.114013671875,10319231689,1.0001300573349,29374587800,314.06317138671875,592856922
28044.140625,13837809380,1872.922607421875,8263191830,1.0005539655685425,23758252949,312.45465087890625,530706217
27925.859375,10861680497,1865.6361083984375,8356130492,1.0006330013275146,19099660090,310.6994934082031,478098163
27947.794921875,9373255556,1849.4981689453125,5016362733,1.0004240274429321,18174194744,310.6347351074219,461767801
28333.05078125,12175322951,1859.3878173828125,6361497715,1.000458002090454,19753710646,312.87225341796875,465627007
29652.98046875,19282400094,1911.20751953125,8380134275,1.0004370212554932,27938130200,318.3790588378906,565754261
30235.05859375,20121259843,1892.189697265625,8877222956,1.0010299682617188,30207674345,322.7582702636719,896643000
30139.052734375,18651929926,1920.68212890625,11010714187,1.0007209777832031,30471411545,318.9537658691406,639928192
30399.06640625,17487721001,2012.6346435546875,12546950499,1.0009770393371582,30853738919,324.9480895996094,684442464
30485.69921875,22659995079,2101.635498046875,16298099411,1.000722050666809,43263085148,329.1738586425781,941862415
30318.49609375,11940685378,2092.466796875,8036468153,1.0007799863815308,23715727388,333.40728759765625,730957108
30315.35546875,12854816417,2120.005859375,7898126856,1.0005359649658203,24405645675,348.2209167480469,936315454
29445.044921875,17872186762,2076.242919921875,9648882546,1.0005300045013428,32406207872,339.9941101074219,856381072
30397.552734375,19480529496,2104.537353515625,9134015143,1.0004080533981323,32344221199,343.1934509277344,741280408
28822.6796875,24571565421,1936.4034423828125,13779745451,1.0005589723587036,42801912254,322.70751953125,826810466
28245.98828125,21340360360,1943.09765625,11324135406,1.0002210140228271,36282233270,317.8899230957031,663981561
27276.91015625,20759504330,1849.9998779296875,12044274581,1.000141978263855,34553496031,321.67498779296875,1057530805
27817.5,13125734602,1874.2286376953125,6970642726,1.0001850128173828,20337083601,331.9950866699219,670641138
27591.384765625,12785446832,1862.06201171875,6607451862,1.0000230073928833,19881820238,330.61883544921875,639990072
27525.33984375,17703288330,1842.7574462890625,8438191338,1.000120997428894,25519663344,331.2458801269531,662758378
28307.59765625,17733373139,1866.753662109375,8677255481,1.0001590251922607,25931247322,338.3255615234375,682400159
28422.701171875,31854242019,1866.564208984375,14356524696,1.0002820491790771,43664074716,330.82177734375,910334786
29473.787109375,27153445027,1908.786376953125,14008145806,0.9999650120735168,35809974908,331.1950988769531,750494420
29340.26171875,17544464887,1892.5128173828125,7691759733,1.0006959438323975,27117912216,324.500244140625,1069178743
29248.48828125,10662634333,1908.9169921875,4796651246,1.000601053237915,16553983401,322.1347351074219,536818146
29268.806640625,14652199272,1876.92431640625,6539641957,1.0004379749298096,21489188232,337.6455383300781,865228956
28091.568359375,18655599976,1831.954833984375,8625783201,1.0003290176391602,29128129876,328.7242126464844,912601797
28680.537109375,16432924527,1870.789306640625,7536785767,1.0004340410232544,24895722187,321.95269775390625,686766524
29006.30859375,19122972518,1904.65185546875,8306390869,1.000270962715149,29787863486,326.212890625,822037855
28847.7109375,15548678514,1877.7041015625,6578438233,1.0004509687423706,22536823772,323.9171447753906,467074893
29534.384765625,17936566518,1995.0609130859375,9498261360,1.0010180473327637,29375040253,326.9403076171875,519090054
28904.623046875,15913866714,1900.2218017578125,9623243037,1.0018340349197388,27117468583,322.7740173339844,494274153
28454.978515625,11301355486,1873.076416015625,6883942236,1.001541018486023,18725657881,321.6110534667969,437921018
27694.2734375,19122903752,1849.042724609375,9895102899,1.0009260177612305,32860419478,313.9712219238281,636404503
27658.775390625,14128593256,1848.6031494140625,6129516088,1.000723958015442,22126554663,312.5137023925781,461175016
27621.755859375,20656025026,1842.4014892578125,9945549603,1.0008339881896973,31704546238,314.57745361328125,545212280
27000.7890625,16724343943,1796.4906005859375,8353828312,1.0007230043411255,26131663102,307.6958312988281,484941644
26804.990234375,19313599897,1808.019775390625,9047198660,1.0005810260772705,28824954947,308.6031188964844,509746023
26784.078125,9999171605,1796.1148681640625,4647630864,1.0005589723587036,15655448449,311.0868835449219,385073781
26930.638671875,10014858959,1800.5009765625,4711210241,1.000512957572937,14874679168,312.1358947753906,404468149
27192.693359375,14413231792,1817.5499267578125,6748889346,1.0002620220184326,21594744662,313.5294189453125,432273711
27036.650390625,12732238816,1824.1214599609375,5595959668,1.000115990638733,19841483059,311.3800354003906,402988974
27398.802734375,15140006925,1821.859619140625,6352161579,1.0000920295715332,24293380413,314.0835266113281,437721579
26832.208984375,15222938600,1801.728515625,5673124255,1.0000770092010498,22493741162,309.4566955566406,383049498
26890.12890625,11258983301,1812.5894775390625,4796110259,1.0002479553222656,17414028938,308.96429443359375,334636708
27129.5859375,7044911360,1820.47802734375,2951655969,1.0003989934921265,11851408172,310.719970703125,277393160
26753.826171875,8647416921,1804.5313720703125,3386768865,1.0001829862594604,13532622119,306.5067138671875,302803530
26851.27734375,11056770492,1817.5347900390625,4534841049,1.0002009868621826,17216429735,309.2456359863281,355156561
27225.7265625,13697203143,1854.380615234375,6820047160,1.0001039505004883,21420969303,313.5062255859375,361568579
26334.818359375,16299104428,1800.0999755859375,7101647419,1.000038981437683,25306791660,305.9327697753906,418835791
26476.20703125,13851122697,1805.9537353515625,6321689859,1.0000460147857666,20956153601,304.733642578125,401117895
26719.291015625,12711619225,1828.689697265625,5451414258,1.0003440380096436,19111705070,306.8863220214844,475658791
26868.353515625,7892015141,1831.1182861328125,3216737652,1.0005040168762207,12433601962,307.5917663574219,331579600
28085.646484375,14545229578,1910.9141845703125,6359610561,1.0001729726791382,21242373192,314.2700500488281,405623337
27745.884765625,15181308984,1893.078125,5884674572,1.0002440214157104,22313821215,311.80718994140625,543284868
27702.349609375,13251081851,1901.026611328125,5363439784,1.0001529455184937,21495789250,311.68450927734375,392038878
27219.658203125,15656371534,1874.1304931640625,5984512548,1.0003340244293213,23174506660,306.86669921875,474410245
26819.97265625,14678970415,1862.201416015625,5640027197,1.0003340244293213,20725195153,304.9532775878906,354897855
27249.58984375,14837415000,1907.256591796875,6097746022,1.0003830194473267,20867435500,307.4237976074219,382256220
27075.12890625,8385597470,1892.4124755859375,3472274607,1.0001590251922607,13418796255,306.7201232910156,260995871
27119.06640625,9360912318,1890.5135498046875,3747042696,1.0001510381698608,14904403851,305.15679931640625,273449324
25760.09765625,21513292646,1811.828369140625,9246593033,1.0003060102462769,33807354175,276.8892517089844,928515688
27238.783203125,21929670693,1884.494873046875,8704411776,1.0001740455627441,30910972861,281.4955749511719,691784529
26345.998046875,19530045082,1832.39599609375,7919894455,1.0000660419464111,28078183756,259.3914489746094,958739195
26508.216796875,11904824295,1846.3018798828125,4536041931,1.000311017036438,18183759822,262.14849853515625,562863852
26480.375,11015551640,1840.2252197265625,4610831509,0.9999489784240723,18180149900,260.7160949707031,491429998
25851.240234375,19872933189,1752.384765625,10788500406,1.0004390478134155,39594900162,239.08908081054688,1068424942
25940.16796875,10732609603,1753.415283203125,4559112981,1.0003149509429932,17537918491,235.4387969970703,376213808
25902.5,11677889997,1742.5286865234375,6031384958,1.000054955482483,21083018568,231.0514373779297,1014433334
25918.728515625,14143474486,1739.03759765625,6214125203,0.999862015247345,23706670402,243.89053344726562,864407068
25124.67578125,14265717766,1650.519287109375,7462905534,0.9998369812965393,23021035089,237.5742645263672,738634212
25576.39453125,15837384409,1665.519775390625,7328564880,0.9991829991340637,26724033220,236.2806854248047,502420772
26327.462890625,16324646965,1716.6688232421875,6281023479,0.9993299841880798,22643402807,239.1146697998047,488582672
26510.67578125,11090276850,1727.2041015625,4875187477,0.9997040033340454,16785486745,244.61058044433594,451849200
26336.212890625,9565695129,1720.5775146484375,3820038842,0.9998080134391785,14276388752,244.08726501464844,372246652
26851.029296875,12826986222,1737.659423828125,5210480121,0.999862015247345,17980147544,242.9033660888672,359118142
28327.48828125,22211859147,1792.1199951171875,7171072578,1.000385046005249,27490561659,247.6744384765625,477391843
30027.296875,33346760979,1891.0072021484375,11731457711,1.00005304813385,41597850081,249.28634643554688,717670519
29912.28125,20653160491,1872.9429931640625,8477657143,1.0001840591430664,31071097282,240.7924346923828,709030407
30695.46875,24115570085,1892.862060546875,8290615074,1.000566005706787,31145738921,244.56494140625,493157882
30548.6953125,12147822496,1876.0596923828125,5026191704,1.000520944595337,20749225264,236.65965270996094,558809140
30480.26171875,12703464114,1900.506103515625,6937581709,1.0004650354385376,21373038596,238.8929901123047,414941211
30271.130859375,16493186997,1859.432861328125,8619702292,1.0002119541168213,26117984793,236.13426208496094,427457532
30688.1640625,16428827944,1889.703369140625,7686042202,1.000195026397705,23449790413,237.49267578125,348181738
30086.24609375,14571500779,1827.97119140625,7135265016,1.0000250339508057,23894930229,230.65036010742188,480872336
30445.3515625,13180860821,1852.227294921875,5677228612,0.9998300075531006,21010132360,233.23245239257812,332343168
30477.251953125,26387306197,1933.18896484375,12895131248,1.000080943107605,43642431673,240.36978149414062,626872820
30590.078125,9086606733,1924.56591796875,5136809625,1.000128984451294,19795362801,247.75942993164062,603755323
30620.76953125,10533418042,1937.4383544921875,6343966490,1.0000849962234497,20337659643,246.25791931152344,519491311
31156.439453125,15271884873,1955.38916015625,7858509087,0.9999979734420776,26282530169,246.38221740722656,669962148
30777.58203125,12810828427,1936.633544921875,5683423776,1.0003010034561157,20970952942,242.492919921875,439591635
30514.166015625,12481622280,1910.5880126953125,6034088075,1.0000940561294556,21584664810,239.08108520507812,455501209
29909.337890625,21129219509,1848.636474609375,8905008384,1.0002059936523438,30430114230,232.31942749023438,536134671
30342.265625,13384770155,1870.6025390625,6468885150,0.9999589920043945,21072109064,235.62115478515625,418416864
30292.541015625,7509378699,1865.53955078125,4299007854,1.0001870393753052,13426621991,236.28738403320312,319300746
30171.234375,7903327692,1863.009765625,4392863807,1.0002039670944214,13296750364,234.22836303710938,289327973
30414.470703125,14828209155,1880.556396484375,6336468234,1.0000560283660889,23313495695,245.874267578125,834091613
30620.951171875,12151839152,1878.3360595703125,4905225892,1.000072956085205,18221606248,248.538330078125,536228377
30391.646484375,14805659717,1872.11376953125,6379007000,0.9999340176582336,20685690690,244.01988220214844,505389150
31476.048828125,23686079548,2006.511474609375,11114853969,1.0003730058670044,41556380527,256.48968505859375,761150982
30334.068359375,20917902660,1939.3470458984375,10627449471,1.0007250308990479,39502042324,248.19161987304688,799468588
30295.806640625,8011667756,1931.466552734375,4380084234,1.0003650188446045,18925797737,251.09970092773438,422767368
30249.1328125,8516564470,1923.681884765625,4329306566,1.0006070137023926,17514358400,242.65682983398438,441487283
30145.888671875,13240156074,1911.6461181640625,6678090758,1.0002199411392212,24482827973,244.35299682617188,671028354
29856.5625,13138897269,1897.5992431640625,5814708445,1.0001579523086548,22117323145,240.2649383544922,751858394
29913.923828125,12128602812,1889.0079345703125,6018487800,1.0002299547195435,21629091201,241.1608123779297,499664149
29792.015625,14655207121,1890.9691162109375,7366830684,1.0000790357589722,25849427845,242.73313903808594,485038743
29908.744140625,10972789818,1892.080078125,4668158260,1.000216007232666,21736934537,243.7889862060547,413015398
29771.802734375,7873300598,1864.912353515625,4101305643,0.9998610019683838,15361411060,241.03074645996094,310128851
30084.5390625,9220145050,1889.191650390625,4480604100,0.9998970031738281,15719491555,242.45596313476562,279600847
29176.916015625,15395817395,1850.0020751953125,6344373569,1.0000109672546387,24790908035,238.9462127685547,451906472
29227.390625,10266772793,1857.741943359375,4163381707,0.9998289942741394,18046684131,237.80856323242188,366519529
29354.97265625,13497554655,1872.159912109375,5781548155,1.0001009702682495,22065183057,238.9623565673828,417581395
29210.689453125,10770779217,1860.357177734375,4291339248,0.9995899796485901,17964435031,240.49879455566406,433186880
29319.24609375,11218474952,1874.744873046875,3800973336,1.0001059770584106,17371797760,241.97703552246094,388148322
29356.91796875,6481775959,1881.06884765625,2497302218,1.0000540018081665,11962846967,242.5763702392578,317500344
29275.30859375,8678454527,1861.643798828125,4003005547,0.9998930096626282,15914742870,242.52598571777344,425584373
29230.111328125,11656781982,1856.162353515625,4391613314,0.9999110102653503,18354638255,241.1206512451172,1092564922
29675.732421875,18272392391,1871.7921142578125,7634860636,0.9995219707489014,27115449240,247.50502014160156,830645013
29151.958984375,19212655598,1839.0897216796875,6448512422,0.9993259906768799,26312546015,240.49464416503906,650256385
29178.6796875,12780357746,1835.136474609375,4710581074,0.9994480013847351,20365437032,241.0615234375,400525696
29074.091796875,12036639988,1827.712890625,4861242484,0.9986019730567932,20189124066,241.47601318359375,370373499
29042.126953125,6598366353,1834.9879150390625,2866049749,0.9989830255508423,14278737533,242.9593505859375,300760369
29041.85546875,7269806994,1827.4620361328125,2963395076,0.9983819723129272,14800094198,242.79859924316406,417704185
29180.578125,13618163710,1826.9388427734375,5837881974,0.9988179802894592,23981817200,241.79750061035156,425652309
29765.4921875,17570561357,1855.807373046875,5812855406,0.9997180104255676,25874561718,245.14990234375,504987528
29561.494140625,18379521213,1854.297607421875,5870081833,0.9994249939918518,22920990916,243.89364624023438,399576464
29429.591796875,11865344789,1850.75341796875,3760304518,0.9990119934082031,18525528096,241.26246643066406,365863690
29397.71484375,10195168197,1847.1243896484375,3353025102,0.9989690184593201,16439483171,239.70689392089844,386856576
29415.96484375,6194358008,1848.889892578125,2291124840,0.9994530081748962,11930000390,240.27362060546875,284512149
29282.9140625,7329897180,1839.2801513671875,3054625661,0.9992499947547913,14122729675,240.03334045410156,296580783
29408.443359375,14013695304,1844.185791015625,4083364724,0.9991840124130249,20154696560,240.33924865722656,381157536
29170.34765625,12640195779,1826.9327392578125,4483923893,0.9989650249481201,21720437145,236.67958068847656,482870297
28701.779296875,14949271904,1805.6590576171875,4976573383,0.9988560080528259,24501625172,231.86874389648438,461572144
26664.55078125,31120851211,1684.9334716796875,14208462072,1.0003859996795654,46202367641,218.5358428955078,786294218
26049.556640625,24026236529,1660.945068359375,9645084584,0.9998300075531006,34300507987,216.112548828125,567051050
26096.205078125,10631443812,1669.471923828125,4871231360,0.9998599886894226,17888080535,216.99945068359375,477267428
26189.583984375,9036580420,1684.85205078125,4105056995,0.9999949932098389,15722340351,216.63580322265625,297744717
26124.140625,13371557893,1667.26904296875,5077248383,0.9998350143432617,21350289570,210.63894653320312,582113967
26031.65625,14503820706,1633.892578125,7244623133,0.9994660019874573,24087904847,210.8343505859375,637832641
26431.640625,16985265785,1679.2744140625,7191868448,0.9998990297317505,25410027986,216.3992919921875,566160608
26162.373046875,12871532023,1659.944580078125,5104531920,0.999426007270813,20070736123,218.64639282226562,394620698
26047.66796875,12406045118,1652.93505859375,5396997823,0.9994940161705017,19999153582,218.3310546875,423891092
26008.462890625,6034817316,1646.3067626953125,2423247747,0.9995390176773071,11240935990,216.36424255371094,273738258
26089.693359375,6913768611,1657.5130615234375,2624065031,0.999521017074585,12072570625,218.35800170898438,325410553
26106.150390625,11002805166,1652.4573974609375,4855588534,0.9993270039558411,18160207139,218.71856689453125,332786869
27727.392578125,29368391712,1729.7257080078125,11304916729,1.0000380277633667,39257157473,226.86288452148438,593296661
27297.265625,16343655235,1705.1121826171875,5023904190,1.0001280307769775,22718699935,223.7994384765625,359750612
25931.47265625,20181001451,1645.63916015625,6593153505,0.9998459815979004,27302426037,216.59779357910156,428616639
25800.724609375,17202862221,1628.4912109375,6104510092,0.9997119903564453,25428948060,213.63055419921875,438229562
25868.798828125,10100387473,1637.025390625,2943590996,1.0001330375671387,16557766093,214.44854736328125,291979876
25969.56640625,8962524523,1636.11767578125,3151878318,0.9999740123748779,14510340452,214.3999481201172,264565518
25812.416015625,10680635106,1629.6552734375,3887968912,0.9996449947357178,17920742517,215.197509765625,364530693
25779.982421875,11094740040,1633.62939453125,4417491902,0.9995840191841125,18323727990,214.47813415527344,298056096
25753.236328125,12752705327,1632.2523193359375,4987397046,0.9995520114898682,19715200487,215.13465881347656,367874698
26240.1953125,11088307100,1647.5982666015625,4907290296,0.9997580051422119,18242134001,216.88717651367188,414939879
25905.654296875,10817356400,1636.1378173828125,4598495496,0.9997779726982117,17906934253,214.56202697753906,350437594
25895.677734375,5481314132,1635.162353515625,2081625742,0.9997339844703674,10128707374,214.2229461669922,218159197
25832.2265625,7899553047,1616.828857421875,4339499949,0.9996129870414734,15171173010,212.31802368164062,334977578
25162.654296875,14600006467,1551.6376953125,7693700923,0.9997010231018066,24658044680,206.03421020507812,466832593
25833.34375,18657279324,1592.429443359375,6813819740,1.0000369548797607,26626307087,210.99436950683594,435525863
26228.32421875,13072077070,1607.988525390625,4979469106,1.0002429485321045,20526953164,212.64259338378906,329580406
26539.673828125,13811359124,1626.974365234375,5538958553,1.0002599954605103,21251601415,212.2828369140625,370840987
26608.693359375,11479735788,1641.640380859375,4348584771,1.0003429651260376,19295499486,214.17552185058594,477731080
26568.28125,7402031417,1635.2216796875,2819575929,1.000298023223877,14317870597,214.96054077148438,483436741
26534.1875,6774210670,1622.896728515625,3032716258,1.0002919435501099,12731066338,216.4657745361328,432102186
26754.28125,15615339655,1637.3470458984375,5916674789,1.0002379417419434,23169510106,216.00392150878906,572231452
27211.1171875,13807690550,1643.544677734375,4405868861,1.000262975692749,19869924197,217.21095275878906,385547582
27132.0078125,13281116604,1622.890625,5156431986,1.0002069473266602,20831080166,214.3633270263672,372917826
26567.6328125,13371443708,1584.3070068359375,5191732312,0.9999859929084778,65289803093,210.7939453125,384479845
26579.568359375,10578746709,1593.268310546875,3460791634,1.0000089406967163,16422421266,211.15086364746094,274805031
26579.390625,7404700301,1593.8577880859375,2101436678,1.0000669956207275,12105054638,210.56060791015625,215040995
26256.826171875,8192867686,1580.8533935546875,3086456944,1.0001349449157715,13177215723,208.28289794921875,287192497
26298.48046875,11997833257,1588.3228759765625,4394930984,0.9997850060462952,18410794811,210.0738067626953,294180845
26217.25,9985498161,1593.417236328125,3544861160,0.9996060132980347,17449026978,212.37844848632812,615780140
26352.716796875,11718380997,1597.4912109375,5533036096,0.9993860125541687,21012429240,211.98541259765625,753741988
27021.546875,14079002707,1652.8826904296875,6658092168,1.0000170469284058,23496469874,215.07598876953125,358321830
26911.720703125,10396435377,1667.94384765625,5529687537,1.0000419616699219,33744855887,215.2794189453125,335321479
26967.916015625,5331172801,1671.161865234375,3155292192,1.0002100467681885,28335840810,214.82130432128906,243788424
27983.75,9503917434,1733.8104248046875,5054880180,0.9998940229415894,26887832164,218.04713439941406,387408083
27530.78515625,19793041322,1663.6275634765625,8420552922,1.0003329515457153,33775951107,214.7579345703125,466879383
27429.978515625,11407814187,1656.6856689453125,4742827302,1.0000920295715332,28992376862,213.43594360351562,305437646
27799.39453125,11143355314,1647.838134765625,5127524863,1.0004370212554932,21138935230,213.4130859375,357560724
27415.912109375,11877253670,1611.4764404296875,5403759057,1.0000890493392944,18816329985,210.67967224121094,351872670
27946.59765625,13492391599,1645.83154296875,4941208729,1.0004359483718872,19152176768,213.55552673339844,271152975
27968.83984375,6553044316,1634.51123046875,2578994988,1.0005500316619873,11006329208,212.36447143554688,211771782
27935.08984375,7916875290,1633.548583984375,3315554175,1.0004600286483765,12488411034,211.51998901367188,267193041
27583.677734375,12007668568,1579.806640625,7020801716,1.000080943107605,20684218429,205.75096130371094,416312027
27391.01953125,9973350678,1567.7130126953125,5254966125,1.0000879764556885,17384784047,208.57687377929688,441959353
26873.3203125,13648094333,1566.2547607421875,5416504273,0.9997519850730896,19945698427,206.53341674804688,323117665
26756.798828125,9392909295,1539.6124267578125,5003930677,0.9997079968452454,16234691731,205.2294158935547,302337006
26862.375,15165312851,1552.0894775390625,4575141511,0.9999600052833557,21158055012,206.03611755371094,296977151
26861.70703125,5388116782,1555.2568359375,2429214718,1.0001059770584106,9989859215,206.60189819335938,203846460
27159.65234375,7098201980,1558.06982421875,2923337883,1.0003730058670044,12496424347,209.7425079345703,352524312
28519.466796875,27833876539,1600.5343017578125,8846928526,1.000548005104065,47707269941,214.82395935058594,521099239
28415.748046875,14872527508,1565.4395751953125,5032686973,1.0004040002822876,38333912794,211.6432342529297,352621995
28328.341796875,12724128586,1563.7498779296875,4354138855,1.0002269744873047,32819081997,210.50103759765625,275336939
28719.806640625,14448058195,1567.45703125,5035110867,1.0004630088806152,33070893762,211.1441650390625,281310969
29682.94921875,21536125230,1604.6668701171875,6747486127,1.0005309581756592,40795586179,212.30084228515625,335590168
29918.412109375,11541146996,1629.304443359375,4212179634,1.0003559589385986,31214248865,214.3056640625,267943731
29993.896484375,10446520040,1663.429931640625,5248406817,1.0002460479736328,33182189773,217.74737548828125,286771903
33086.234375,38363572311,1765.3826904296875,14362295879,1.0003999471664429,50238491833,228.35276794433594,611625206
33901.52734375,44934999645,1784.4375,15888690475,1.0000150203704834,60389981030,225.14295959472656,658304834
34502.8203125,25254318008,1787.3975830078125,9439066475,1.0004149675369263,37032981246,222.179931640625,414309192
34156.6484375,19427195376,1804.039306640625,11196672635,1.0001929998397827,34400726384,223.2360382080078,438534864
33909.80078125,16418032871,1780.0452880859375,7493399771,1.0002570152282715,26940157935,224.4759063720703,554008090
34089.57421875,10160330825,1776.6181640625,4226112731,1.0002529621124268,17102158535,225.77407836914062,244363054
34538.48046875,11160323986,1795.5460205078125,4358528382,1.0003869533538818,17945833722,227.14845275878906,207847188
34502.36328125,17184860315,1810.088623046875,7534051038,1.0005719661712646,28763511481,228.2874298095703,282899321
34667.78125,15758270810,1816.458984375,6477922747,1.0003149509429932,29335341382,226.43994140625,319329197
35437.25390625,22446272005,1847.0897216796875,10628825648,1.0006109476089478,39913237495,228.00010681152344,384772000
34938.2421875,20998158544,1800.6209716796875,9004197724,1.0002130270004272,37061602828,231.7230224609375,487639810
34732.32421875,17158456701,1832.795166015625,7622864055,1.0006500482559204,30750864935,230.60597229003906,332547803
35082.1953125,9561294264,1857.6986083984375,4845080427,1.0007810592651367,20039891292,237.45460510253906,267965564
35049.35546875,12412743996,1894.15771484375,8867152645,1.000723958015442,27539467535,244.32247924804688,419858434
35037.37109375,12693436420,1899.83740234375,8104122602,1.0003169775009155,28998480107,254.63479614257812,524115628
35443.5625,18834737789,1888.124267578125,9203228152,1.0005689859390259,37131401565,246.39529418945312,549207441
35655.27734375,17295394918,1889.3223876953125,6751627017,1.0003550052642822,31439123893,247.123291015625,369346518
36693.125,37762672382,2120.56103515625,24709695029,1.0000929832458496,71681797266,251.51084899902344,1116630429
37313.96875,22711265155,2078.289794921875,14740624457,0.9999979734420776,50393389957,251.08236694335938,873515280
37138.05078125,13924272142,2052.7138671875,10228351203,0.9998329877853394,40492882175,251.42161560058594,872206327
37054.51953125,11545715999,2045.18701171875,7951011698,1.000143051147461,34090921591,247.6400146484375,758715918
36502.35546875,19057712790,2055.265380859375,14322027970,1.0003739595413208,47623447835,241.33506774902344,888039233
35537.640625,23857403554,1979.0526123046875,13087862495,1.0002590417861938,47902433059,242.263671875,917236070
37880.58203125,27365821679,2060.408447265625,12626326991,1.0007699728012085,49894898098,253.75534057617188,921052035
36154.76953125,26007385366,1960.881591796875,14651619483,1.000038981437683,52458412049,242.75888061523438,950453378
36596.68359375,22445028430,1961.28076171875,11881648738,1.0005780458450317,45809290050,244.745361328125,788884171
36585.703125,11886022717,1963.2850341796875,8064677046,1.0005979537963867,30549410765,244.9507598876953,679630905
37386.546875,12915986553,2013.2044677734375,7716048818,1.0004539489746094,28609109544,246.58778381347656,618053586
37476.95703125,20888209068,2022.2391357421875,12866464824,1.0005970001220703,40570824216,253.6350860595703,1289010990
35813.8125,25172163756,1937.0667724609375,13653500841,1.0003889799118042,48932459629,226.4864044189453,2480554399
37432.33984375,24397247860,2064.42529296875,13372200584,1.0003379583358765,43622993259,236.1365966796875,1338117919
37289.62109375,14214948217,2062.210693359375,7828437946,1.000141978263855,28640324596,233.76580810546875,766695224
37720.28125,22922957823,2081.152099609375,12141148820,1.0003529787063599,40071555958,232.9009552001953,709881299
37796.79296875,9099571165,2084.4130859375,5362623390,1.000478982925415,23045093192,234.43994140625,553022191
37479.12109375,13744796068,2063.2861328125,8054814154,1.0002110004425049,30299804822,232.0471954345703,606332049
37254.16796875,19002925720,2027.4173583984375,10574810069,0.9999799728393555,38568585545,227.42147827148438,795547656
37831.0859375,21696137014,2049.338134765625,9910633038,1.0003770589828491,37720536626,229.69296264648438,674267936
37858.4921875,20728546658,2029.92919921875,8945151861,1.0002199411392212,35115076722,227.34275817871094,602240832
37712.74609375,18115982627,2052.55615234375,8107789163,1.000156044960022,29247809691,227.68380737304688,572448874
38688.75,23512784002,2087.139892578125,10866891430,1.0001850128173828,36738335582,228.54563903808594,611750028
39476.33203125,15534035612,2165.7041015625,9130124831,1.0003639459609985,31086578261,229.30084228515625,628871423
39978.390625,15769696322,2193.691650390625,8278465782,1.0003089904785156,32506614462,228.09820556640625,719496781
41980.09765625,39856129827,2243.2158203125,16149367134,0.9999129772186279,74534917166,233.29530334472656,2139028703
44080.6484375,36312154535,2293.841796875,15383072559,1.0005459785461426,59504264657,231.2613525390625,851959167
43746.4453125,29909761586,2231.661376953125,12790612571,1.0000319480895996,57074332907,229.42440795898438,850327297
43292.6640625,27635760671,2357.57958984375,14766891042,1.0003169775009155,52213979484,232.97743225097656,813730268
44166.6015625,24421116687,2358.73193359375,12543458699,1.0001239776611328,48979635040,238.91598510742188,828993280
43725.984375,17368210171,2341.17529296875,10613312823,1.0005170106887817,45714652119,237.7686004638672,856746249
43779.69921875,13000481418,2352.462646484375,7369608905,1.0000439882278442,32521476893,239.733154296875,640133489
41243.83203125,40632672038,2224.578857421875,17989249470,0.999547004699707,73473005079,246.42086791992188,1442275453
41450.22265625,24779520132,2202.0380859375,11391132228,0.9997860193252563,50960203250,254.49497985839844,1394681963
42890.7421875,26797884674,2260.648681640625,12576395493,1.0001909732818604,52038965688,252.42332458496094,1052163656
43023.97265625,25578530178,2316.5791015625,12608711052,1.000154972076416,50697278985,253.5412139892578,876150236
41929.7578125,19639442462,2219.33740234375,10259157898,1.0001499652862549,45289072124,244.8984375,769388533
42240.1171875,14386729590,2226.926513671875,6866555430,0.9991819858551025,34866731284,244.35096740722656,651447427
41364.6640625,16678702876,2196.481201171875,7410453853,0.9998769760131836,34792857542,239.30828857421875,650163942
42623.5390625,25224642008,2217.2734375,10366536490,0.9997580051422119,47767663338,241.3484344482422,871708609
42270.52734375,23171001281,2177.87255859375,10619179629,0.9998900294303894,44657013334,252.63719177246094,1254351945
43652.25,27868908174,2201.911376953125,12652290807,1.000025987625122,50936892565,260.10736083984375,1053279744
43869.15234375,22452766169,2239.54248046875,12616530536,1.0001460313796997,48533420642,271.24658203125,1183480386
43997.90234375,21028503216,2326.52490234375,16137246310,1.0009429454803467,52902171478,271.3764953613281,1014769310
43739.54296875,13507796558,2309.04638671875,7995772945,1.0007410049438477,36651294683,271.3909606933594,695725248
43016.1171875,18830554085,2265.692138671875,9450799236,1.0008800029754639,49444358257,264.71710205078125,803502105
43613.140625,21115795370,2272.561767578125,8036302656,1.0005619525909424,61756563211,267.0733642578125,738674209
42520.40234375,30026850982,2231.46533203125,10668581464,1.0002340078353882,63483140133,297.6932373046875,1941843757
43442.85546875,25260941032,2378.739990234375,14161342927,1.000694990158081,56078039633,323.6773376464844,1893987416
42627.85546875,22992093014,2347.566162109375,15660799060,1.0011860132217407,59086706628,323.5989990234375,1987714005
42099.40234375,26000021055,2300.690673828125,12536968996,1.0004489421844482,52443392742,313.8787536621094,1415732360
42156.90234375,16013925945,2292.0654296875,6888195427,1.0003809928894043,31559955137,317.16619873046875,901159404
42265.1875,16397498810,2281.47119140625,6871481744,0.9997299909591675,33159237822,312.4356994628906,953254184
44167.33203125,18426978443,2352.327880859375,6906765990,1.0003679990768433,35556530943,314.4082946777344,910568057
44957.96875,39335274536,2355.83642578125,12910543630,1.0005069971084595,59445456300,312.10382080078125,1133024158
42848.17578125,46342323118,2210.761962890625,19332933581,1.0006569623947144,87663506544,316.6612854003906,1927148986
44179.921875,30448091210,2269.0380859375,11044564896,1.0010319948196411,54080510298,323.6000061035156,1285291962
44162.69140625,32336029347,2268.647216796875,10860953290,1.000877022743225,53743098427,317.4502868652344,1257230413
43989.1953125,16092503468,2241.624755859375,5970741680,1.0005919933319092,32532178110,307.79449462890625,1051283820
43943.09765625,19330573863,2222.865966796875,6490053615,1.0006070137023926,32666859534,302.8905334472656,817795075
46970.50390625,42746192015,2333.03271484375,13830287095,1.0005990266799927,61906019146,304.5003967285156,1141697708
46139.73046875,39821290992,2344.8271484375,14891130716,1.0001660585403442,61396977432,300.9761047363281,1374376391
46627.77734375,50114613298,2582.103515625,29042100476,1.000223994255066,80427898461,305.0968322753906,1199728038
46368.5859375,45833734549,2619.619140625,22575246883,1.0002470016479492,78116360556,308.7015075683594,1326827289
42853.16796875,43332698900,2524.460205078125,23623839263,0.999908983707428,71993899911,296.6304626464844,1198386629
42842.3828125,20601860469,2576.597900390625,12250316867,0.9999759793281555,38741665180,302.227294921875,816347256
41796.26953125,17521429522,2472.2412109375,9405587417,0.9994900226593018,35054633394,299.05133056640625,787643004
42511.96875,22320220558,2511.36376953125,9700630000,0.9997230172157288,41325317168,317.5672607421875,1667214322
43154.9453125,24062872740,2587.691162109375,11063317095,0.9998689889907837,43063894677,315.22625732421875,1143877764
42742.65234375,20851232595,2528.369384765625,10441017520,0.9991880059242249,39917312476,309.08538818359375,1206464161
41262.05859375,25218357242,2467.018798828125,11900028080,0.9992049932479858,46185843187,313.2928771972656,1105813150
41618.40625,25752407154,2489.49853515625,11405278376,0.9991859793663025,46650934337,314.3004455566406,1036123822
41665.5859375,11586690904,2469.589111328125,5297826161,0.9993109703063965,25670327311,316.96038818359375,694855739
41545.78515625,9344043642,2453.9130859375,4578471955,0.999439001083374,21953622854,318.3186950683594,723174009
39507.3671875,31338708143,2310.826416015625,13923771728,0.9988530278205872,49537774963,305.43701171875,948987847
39845.55078125,29244553045,2240.68603515625,16182147521,0.9992470145225525,52394904183,298.4039001464844,1065495592
40077.07421875,22359526178,2233.561767578125,10134722960,0.999737024307251,38440622439,293.0914306640625,960725208
39933.80859375,18491782013,2217.710205078125,9302247037,0.9997169971466064,33716145309,291.9192810058594,1086918042
41816.87109375,25598119893,2267.19970703125,9975117607,0.9999859929084778,42091434921,302.3179931640625,964268733
42120.0546875,11422941934,2267.885986328125,5144367230,1.000046968460083,23232564659,305.8248291015625,691653061
42035.59375,16858971687,2257.208740234375,7296214994,1.0000009536743164,29379055847,304.9756164550781,782354766
43288.24609375,20668476578,2317.064208984375,8948195551,1.0001250505447388,35674653681,310.7080078125,824640185
42952.609375,23842814518,2344.49365234375,10173440062,1.0000280141830444,41189878063,307.4627380371094,777667889
42582.60546875,24673628793,2282.54443359375,10807883277,1.0000280141830444,41189878063,300.35107421875,814318731
43075.7734375,21423953779,2303.82470703125,8895583113,0.9999330043792725,37397906057,300.1759033203125,754502530
43185.859375,18603843039,2308.0380859375,7186143091,0.9997140169143677,32455547367,301.15496826171875,699579739
42992.25,11169245236,2296.038330078125,4647754021,0.999809980392456,19986631753,299.7367248535156,606345017
42583.58203125,14802225490,2289.546142578125,5438100035,0.9997199773788452,22080787677,304.7341613769531,818836774
42658.66796875,18715487317,2298.888916015625,7277068110,0.9987949728965759,30574227480,300.8540344238281,826414727
43084.671875,16798476726,2372.201904296875,9520885493,0.9999819993972778,31068605844,302.71014404296875,680038428
44318.22265625,21126587775,2423.7451171875,9660628536,0.9998239874839783,36206749333,307.63458251953125,776516914
45301.56640625,26154524080,2419.906494140625,9941841732,1.000195026397705,41495353803,318.87188720703125,1206142745
47147.19921875,39316770844,2487.515625,13634203177,1.0004899501800537,55541686302,323.84228515625,1094700959
47771.27734375,16398681570,2501.228271484375,6474444159,1.0003180503845215,28746535798,323.1338806152344,737748174
48293.91796875,19315867136,2507.570556640625,7347245813,1.0002789497375488,31433121648,320.78753662109375,706320478
49958.22265625,34511985805,2658.115966796875,13022696866,1.0002789497375488,50194735130,327.9446105957031,982444950
49742.44140625,35593051468,2642.185302734375,18271237044,1.0005919933319092,57692446059,324.86822509765625,886487720
51826.6953125,39105608050,2777.90234375,21448973822,1.000931978225708,64385254811,334.2459716796875,887463520
51938.5546875,38564360533,2824.37890625,23734481937,1.0009440183639526,69469934488,354.7108154296875,1744161787
52160.203125,28180567298,2803.69140625,17057114638,1.0006519556045532,53607476361,360.890380859375,1461675119
51662.99609375,20009091006,2786.672607421875,17932379943,1.000359058380127,45457904701,352.9081115722656,1101515839
52122.546875,17595377311,2878.998046875,23355830478,1.000236988067627,49507723529,349.6799621582031,959954204
51779.14453125,21362184346,2943.57470703125,15163110589,1.0001020431518555,49248059896,351.8070983886719,1290009052
52284.875,33353758256,3013.503662109375,20341598470,1.0001699924468994,66817806001,354.8639221191406,1489888631
51839.1796875,28624907020,2970.35546875,18897136867,1.0000139474868774,59273333052,378.5373229980469,2264483250
51304.97265625,25413900611,2971.00732421875,18058908246,0.9993600249290466,55760174038,382.009765625,2002118598
50731.94921875,21427078270,2921.658203125,12822717059,0.9998980164527893,49400677249,375.319091796875,1755398357
51571.1015625,15174077879,2992.385986328125,10701688842,1.000059962272644,33883854964,381.7427978515625,1088410661
51733.23828125,15413239245,3112.697265625,14620450464,0.9999039769172668,36679935803,388.5517272949219,1324081579
54522.40234375,34074411896,3178.99365234375,17504464351,1.0007179975509644,62980327478,401.6438903808594,2011146388
57085.37109375,49756832031,3244.519287109375,21090315368,1.0003540515899658,81780866102,394.9956359863281,1750697179
62504.7890625,83239156760,3385.703857421875,32885894265,1.001060962677002,128007189181,415.7716064453125,2323818531
61198.3828125,65496611844,3341.919677734375,28469171094,1.0004019737243652,111968615893,399.7787170410156,2058367303
62440.6328125,40186368423,3435.053955078125,16880101987,1.0006779432296753,76389482142,407.8107604980469,1527194519
62029.84765625,23888473685,3422.0498046875,12024340617,1.0006059408187866,67653795192,410.9858703613281,1520439801
63167.37109375,26253811450,3490.99365234375,13643324467,1.0004509687423706,70762304723,414.3810729980469,1810575392
68330.4140625,70670471105,3630.433837890625,26772963830,1.001291036605835,123818816561,419.0354309082031,2111212949
63801.19921875,102802940877,3554.964599609375,47706899137,1.0013079643249512,189867087465,394.6617431640625,3319029162
66106.8046875,68750229073,3819.226318359375,34938642613,1.000445008277893,128487768220,429.011962890625,3281109608
66925.484375,46989543159,3874.34765625,22457177587,1.0014009475708008,95225950701,475.2906494140625,3328990543
68300.09375,59202881172,3892.06103515625,26135487051,1.0021899938583374,108030960578,488.09417724609375,3644157779
68498.8828125,21609650379,3915.4189453125,11926623780,1.0021530389785767,63272520530,489.56182861328125,2314944823
69019.7890625,35683977532,3881.193115234375,15783924355,1.0009939670562744,77540921867,529.374755859375,4507153439
72123.90625,65716656765,4066.445068359375,28806262507,1.0002750158309937,118434243798,522.718017578125,3950105375
71481.2890625,62554434520,3980.273193359375,26917010932,1.0000920295715332,115805937864,537.86572265625,4381078189
73083.5,48212536929,4006.45703125,22028114691,1.0005170106887817,95338044782,630.5613403320312,5717769152
71396.59375,59594605698,3883.140380859375,25434810823,0.9996790289878845,116520409213,602.9887084960938,4918366892
69403.7734375,78320453976,3735.22021484375,33505075433,1.0001239776611328,145040404215,632.8027954101562,5849156503
65315.1171875,46842198371,3522.860107421875,20199855932,0.999243974685669,101796439885,576.7752075195312,3952760767
68390.625,44716864318,3642.4130859375,19938757095,0.9993709921836853,90407787768,571.0855712890625,3512190982
67548.59375,49261579492,3517.985107421875,21162220224,0.9999160170555115,98373958984,554.55712890625,3982384372
61912.7734375,74215844794,3157.6181640625,34166976701,0.9994800090789795,137581151030,507.0765686035156,4346763421
67913.671875,66792634382,3513.39306640625,36605316331,1.0002590417861938,122985298758,556.7005004882812,3177352364
65491.390625,44480350565,3492.9912109375,22213647922,0.9998049736022949,87543595572,553.2482299804688,2595135487
63778.76171875,41401116964,3333.68798828125,20574952329,1.0002659559249878,81269693027,551.778564453125,2949959002
64062.203125,24738964812,3336.593994140625,13242137554,1.000303030014038,53727479558,551.8795166015625,1962524597
67234.171875,27206630673,3454.636474609375,12156660941,0.9999840259552002,53627981617,567.9948120117188,1745465728
69958.8125,42700139523,3590.8837890625,18603921705,1.0002230405807495,81204666738,587.4276123046875,2490221265
69987.8359375,36010437368,3587.5048828125,18505553577,1.0000189542770386,77399464621,580.1505126953125,2086911757
69455.34375,40827113309,3500.115234375,18753082145,0.9996470212936401,83797223894,574.5115966796875,1983797879
70744.953125,34374900617,3561.2939453125,16419674157,1.000100016593933,73312354659,583.2708740234375,1986567688
69892.828125,25230851763,3511.80615234375,12712701619,1.0004899501800537,61237744035,612.657958984375,2788931743
69645.3046875,17130241883,3507.9443359375,9389066783,1.000430941581726,46808102783,601.016357421875,1750650703
71333.6484375,20050941373,3647.8564453125,10499881424,1.000040054321289,45354730502,606.9086303710938,1456592924
69702.1484375,34873527352,3505.030029296875,16002098681,1.0004119873046875,75369785257,576.3966674804688,2020241864
65446.97265625,50705240709,3277.234619140625,22076539151,1.0002260208129883,96522021189,550.6814575195312,2480273065
65980.8125,34488018367,3311.44189453125,16010734587,1.0003180503845215,72294081106,562.0196533203125,2096610785
68508.84375,34439527442,3330.04052734375,14476330517,1.0003830194473267,68789308326,585.4415283203125,2340488273
67837.640625,33748230056,3318.88525390625,15214447092,1.0002739429473877,64371464433,578.9669189453125,1983792648
68896.109375,19967785809,3354.183837890625,8956926798,1.000223994255066,41022568112,585.966796875,1328988130
69362.5546875,21204930369,3453.49462890625,9931108526,0.9999240040779114,45028594985,584.1021728515625,1374676397
71631.359375,37261432669,3695.292724609375,19055143129,1.0001660585403442,69769294376,586.9009399414062,1739232272
69139.015625,36426900409,3505.163330078125,18279773833,0.999763011932373,70338237086,580.830322265625,1988165022
70587.8828125,38318601774,3543.737060546875,16872482726,1.0001169443130493,68657000944,610.0839233398438,1654268255
70060.609375,30153382941,3505.247802734375,14076734489,1.0005500316619873,57625638532,604.893798828125,1299527568
67195.8671875,44129299406,3243.034912109375,22104869556,1.0004479885101318,96319763859,596.380126953125,2619549858
63821.47265625,52869738185,3004.900390625,29930408174,1.0012129545211792,118933111448,554.2998046875,2660310655
65738.7265625,49084320047,3156.94189453125,25486284994,1.00108003616333,98630391164,567.2184448242188,1724305772
63426.2109375,43595917654,3101.600341796875,21925843181,1.0003770589828491,87031799798,552.87451171875,1488692418
63811.86328125,42847528078,3084.920166015625,19441391169,1.000393033027649,77388159492,537.829345703125,1299731119
61276.69140625,41915247049,2984.7275390625,17711869375,0.9999939799308777,71118551643,534.416015625,1411927485
63512.75390625,36006307335,3066.027587890625,15183777035,1.0005509853363037,63558115213,552.172119140625,1439312699
63843.5703125,49920425401,3059.278564453125,20399982867,1.000594973564148,84354523666,554.8892822265625,1320094794
64994.44140625,23097485495,3157.627197265625,9918642130,1.0004290342330933,45625971025,570.9605102539062,697007137
64926.64453125,20506644853,3147.28857421875,9394387894,1.0002130270004272,40914266460,579.6199340820312,782061076
66837.6796875,28282686673,3201.652099609375,12063858733,1.0003360509872437,52741030322,605.5755004882812,1300340623
66407.2734375,24310975583,3219.91162109375,11054442653,1.0000929832458496,49389574681,606.8406372070312,1380221181
64276.8984375,30276655120,3139.80517578125,14000234760,0.9998019933700562,60998445931,608.0861206054688,1518718475
64481.70703125,32155786816,3156.509521484375,13989030260,0.9998270273208618,56150133824,614.0050048828125,1161642323
63755.3203125,24139372950,3130.164794921875,10622333862,0.9997000098228455,45201516166,597.7054443359375,817787521
63419.140625,19530783039,3252.168212890625,11820785577,0.9993939995765686,40609767473,595.7205200195312,781864034
63113.23046875,17334827993,3262.774658203125,11379192678,0.9997320175170898,36114073992,600.0711669921875,681109845
63841.12109375,26635912073,3215.428955078125,15032246816,0.9997130036354065,49733140585,592.8312377929688,868114786
60636.85546875,37840840057,3012.286865234375,18266894653,0.9991620182991028,66092463422,578.488037109375,1727881192
58254.01171875,48439780271,2969.78466796875,20005057445,0.9985569715499878,76859530069,561.408203125,1502825527
59123.43359375,32711813559,2988.16845703125,13163903903,1.00005304813385,54769809487,560.5267333984375,877449354
62889.8359375,33172023048,3103.5419921875,12862183229,1.0005470514297485,53871028495,587.0104370117188,854728192
63891.47265625,20620477992,3117.576416015625,8283229638,1.000148057937622,39527945715,585.8465576171875,582273374
64031.1328125,18296164805,3137.2490234375,8783447639,1.0002540349960327,36224596673,592.140380859375,531182053
63161.94921875,28697928697,3062.728759765625,13008587255,1.0000380277633667,52931405950,588.4759521484375,1522319999
62334.81640625,25930730982,3006.5771484375,11743187337,1.0,46143834059,577.4862060546875,1535678414
61187.94140625,26088172222,2973.6572265625,11791662158,0.999584972858429,46623837988,588.1974487304688,1603241013
63049.9609375,25453338161,3036.0205078125,10861947179,0.9998679757118225,46236991775,596.031982421875,1897318659
60792.77734375,27804954694,2909.791259765625,12278653601,0.9998610019683838,50244486838,585.6221923828125,1521708160
60793.7109375,13842272968,2911.60205078125,6795916454,0.9997590184211731,29171047578,592.0278930664062,1333662111
61448.39453125,13800459405,2928.701904296875,5908941395,0.9995660185813904,25865589825,594.424560546875,1276671115
62901.44921875,27889181179,2949.359619140625,13352264795,0.9998559951782227,53205467613,591.60693359375,1636169234
61552.7890625,28186271527,2881.157958984375,12444516140,0.9995920062065125,57380795961,566.70703125,1944063031
66267.4921875,39815167074,3037.056640625,14666902956,1.0005470514297485,70663923975,582.0743408203125,1895100260
65231.58203125,31573077994,2945.131103515625,13035465176,1.0000979900360107,62000126842,569.1902465820312,1911862000
67051.875,28031279310,3094.11865234375,14449438097,1.0003999471664429,56249728895,581.1783447265625,1557134929
66940.8046875,16712277406,3122.948974609375,9407051320,1.0002059936523438,39091871989,580.4811401367188,1358737176
66278.3671875,19249094538,3071.843017578125,8747800800,0.9999120235443115,38312293613,574.6316528320312,1298887094
71448.1953125,43850655717,3663.85546875,31228143948,1.0000979900360107,86442004708,600.6163330078125,2145457267
70136.53125,46932005990,3789.312744140625,37643853967,0.999879002571106,104832621504,618.4204711914062,3564986916
69122.3359375,32802561717,3737.2177734375,25155809461,0.999455988407135,75458368905,614.671875,2138536549
67929.5625,41895680979,3776.92724609375,45623656317,0.9995790123939514,107880114240,598.6708374023438,2631566566
68526.1015625,29197308153,3726.9345703125,22257061429,0.999809980392456,68659164363,600.2258911132812,1778282198
69265.9453125,15473071741,3749.236572265625,10000027764,0.9998850226402283,41182549806,602.1944580078125,1392399167
68518.09375,15628433737,3825.8974609375,14650794791,0.9995279908180237,44796186073,599.825927734375,1372657185
69394.5546875,25870990717,3892.0068359375,18949181813,0.9992120265960693,64469471473,603.5264282226562,1691663828
68296.21875,32722265965,3840.25634765625,19846044324,0.9989020228385925,75112778670,601.2132568359375,1852329404
67578.09375,26707072906,3763.196533203125,17411416736,0.9987620115280151,64306272506,594.9720458984375,1642696946
68364.9921875,29509712534,3746.849609375,15065849797,0.9996579885482788,66107540689,595.0267944335938,1737524745
67491.4140625,27387283769,3760.026611328125,15290700646,0.9989950060844421,58892635053,593.5223388671875,1590349553
67706.9375,11641495604,3813.198974609375,8661024535,0.9992920160293579,34114810017,601.30419921875,1520074486
67751.6015625,17110588415,3780.89599609375,11126903059,0.9994029998779297,47966136014,603.026611328125,1667233984
68804.78125,32401285324,3766.38916015625,14082454300,0.9997990131378174,66326852767,626.4329833984375,2952110605
70567.765625,33149696545,3812.515869140625,13331489271,1.0002180337905884,64592711851,686.201416015625,3416994948
71082.8203125,32810771409,3864.260986328125,15480034434,1.0001139640808105,67311453236,698.889404296875,3501231414
70757.1640625,25223152007,3811.60595703125,13606583873,0.999521017074585,58624834999,710.4640502929688,2997888288
69342.5859375,36188381096,3678.629150390625,18220286186,0.9996240139007568,83727148277,683.3609619140625,2987033806
69305.7734375,14262185861,3680.949951171875,9096091805,0.9999189972877502,42654042043,682.6651611328125,1966216051
69647.9921875,13534028500,3705.90380859375,7910768788,0.9999039769172668,38460275023,673.3153076171875,1856183346
69512.28125,20597699541,3666.717529296875,10377300126,0.999580979347229,51346980569,624.3868408203125,3184376694
67332.03125,37116136345,3498.33056640625,19184721538,0.9999409914016724,72360838236,602.55810546875,2604834485
68241.1875,34497940694,3559.61767578125,17142905351,0.9996820092201233,67692265125,619.19482421875,2221546160
66756.3984375,28955204146,3469.28125,14472382154,0.9996050000190735,56101863399,599.5150756835938,1879189691
66011.09375,27403884779,3480.27197265625,15793876596,0.9994710087776184,56734383862,603.1805419921875,1848914113
66191.0,14121265576,3565.549560546875,12733651076,0.9994670152664185,35823242153,607.8029174804688,1471028668
66639.046875,13281140541,3620.5634765625,9878388158,0.9992930293083191,31962850043,610.0540161132812,1428836675
66490.296875,30006354476,3511.37890625,17838856988,0.9996449947357178,60712949361,604.4673461914062,1797626078
65140.74609375,39481285950,3483.681396484375,21022514455,0.9995499849319458,78695656625,588.7020874023438,2265505402
64960.296875,21103423504,3559.347412109375,15275373778,0.9997959733009338,48283435769,598.771728515625,1788904109
64828.65625,25641109124,3511.0869140625,16115123753,0.9993990063667297,53052487180,587.107177734375,1817442036
64096.19921875,26188171739,3516.07568359375,15933353456,0.9994789958000183,52864626463,585.9119262695312,1672110625
64252.578125,9858198793,3494.8134765625,7423703673,0.9995729923248291,26893846849,590.7633666992188,1387634576
63180.796875,11170471802,3418.61181640625,9418141333,0.999343991279602,29265392695,577.2108764648438,1444372224
60277.4140625,43152133651,3350.25634765625,23137744903,0.9994080066680908,75556423079,567.578125,2033721646
61804.640625,29201215431,3395.029052734375,13235546063,0.9998080134391785,52502040528,578.1034545898438,1581413208
60811.27734375,22506003064,3369.477294921875,11694054195,0.9993240237236023,44813407523,572.4017944335938,1537826836
61604.80078125,21231745045,3444.800537109375,11771834016,0.9985970258712769,45267792573,580.7982788085938,1659378248
60320.13671875,24952866877,3373.635986328125,12861158844,0.9981369972229004,48868972915,566.4644775390625,1618598501
60887.37890625,12652903396,3372.9677734375,6584792001,0.9983659982681274,28311234049,569.127685546875,1375085097
62678.29296875,17333226409,3432.88916015625,8396416013,0.9984089732170105,34937001727,581.7711181640625,1564676508
62851.98046875,25468379421,3440.341552734375,12281551839,0.9989680051803589,45876476553,576.6869506835938,1613874196
62029.015625,20151616992,3416.354736328125,9421757718,0.9984530210494995,39391729670,578.9810791015625,1528045271
60173.921875,29756701685,3292.916748046875,16121324440,0.9988530278205872,57042672759,556.5777587890625,1736158280
56977.703125,41149609230,3054.52197265625,20252514386,0.9996610283851624,74732714381,513.9945068359375,2056945763
56662.375,55417544033,2981.5986328125,31131942647,1.0000269412994385,104430727675,497.9958190917969,2865780557
58303.5390625,20610320577,3069.3779296875,11586293705,1.0000979900360107,43532116200,527.6743774414062,1604647597
55849.109375,20553359505,2929.38720703125,10857947538,0.9998319745063782,42863990186,490.6131286621094,1660301909
56705.09765625,39766159899,3018.73193359375,22627377457,0.9998189806938171,74590713592,510.6142578125,2305009896
58009.2265625,27849512607,3064.032958984375,15269945822,1.000012993812561,52771534181,516.568115234375,1586240513
57742.49609375,26175260526,3102.21875,14578679176,0.9998769760131836,48310166694,524.5165405273438,1592646761
57344.9140625,28707803842,3100.330810546875,15230095766,1.00006902217865,52287657808,525.1380615234375,1685684515
57899.46484375,25604805221,3134.15869140625,12751638331,1.000223994255066,46446510451,533.75732421875,1600204226
59231.953125,17080061806,3177.19873046875,8565105946,1.0003000497817993,34421372740,532.3488159179688,1436156860
60787.79296875,22223416061,3244.0791015625,10517709666,1.0002800226211548,41068191081,544.8187255859375,1486806663
64870.15234375,38094526099,3489.552734375,18305490390,1.0007929801940918,66578959504,586.1410522460938,2019082961
65097.1484375,41617346768,3443.513427734375,20446664416,1.0006259679794312,76288567031,576.583984375,2082707183
64118.79296875,32525071311,3388.75244140625,16739123962,1.0001859664916992,61898179810,568.9127197265625,1739938322
63974.06640625,27239305337,3426.258544921875,15035622003,0.9998310208320618,53674693484,571.9515380859375,1636814280
66710.15625,37003855410,3505.73486328125,17705629736,1.0005179643630981,64622483446,593.7021484375,2052978808
67163.6484375,19029581250,3519.29541015625,10360198325,1.0004470348358154,40368955293,593.5722045898438,1585229672
68154.5234375,26652190004,3536.60546875,13845913681,1.0001909732818604,50474174912,601.8511962890625,1815088659
67585.25,42649109453,3440.419921875,18723199034,1.0004169940948486,52730305555,587.9177856445312,1985538902
65927.671875,35605668666,3481.995849609375,24468405650,1.000161051750183,67217361972,582.0995483398438,1839296067
65372.1328125,27470942309,3336.33935546875,16040945448,0.9998220205307007,51701005917,574.5784912109375,1601708271
65777.2265625,38315761670,3174.42724609375,25293745810,0.9998109936714172,69959674584,570.71337890625,1995371028
67912.0625,30488630457,3275.951416015625,15993893521,1.000175952911377,52685688859,581.0779418945312,1665724792
67813.3359375,34691905492,3247.60791015625,15198233287,1.000087022781372,55047490100,581.5888061523438,1760015335
68255.8671875,18043166945,3271.464599609375,8959236446,0.9999079704284668,33668335667,584.099609375,1464043630
66819.9140625,40780682628,3320.539306640625,18334852719,0.9997950196266174,63609014546,574.642578125,1825858615
66201.015625,31380492109,3278.667724609375,14045773047,0.9998300075531006,51267032806,587.6651000976562,1811656040
64619.25,31292785994,3231.295654296875,16135380637,0.9997329711914062,52003171104,576.3681640625,1798590737
65357.5,40975554494,3201.564453125,20217639556,0.9991080164909363,65833386618,575.146728515625,2045220020
61415.06640625,43060875727,2986.01318359375,21400241741,0.9986749887466431,67773726855,542.9151611328125,2062337930
60680.09375,31753030589,2903.3857421875,17844091431,0.9995989799499512,54276527600,529.4813232421875,1826715291
58116.9765625,31758917219,2686.39892578125,21139601426,0.9996799826622009,58452540746,497.0390930175781,1980159444
53991.45703125,108991085584,2417.206298828125,67668132244,1.0003650188446045,188926094526,464.6269226074219,4703145244
56034.31640625,49300484106,2458.723876953125,26041995921,1.0005730390548706,81396416579,484.3238220214844,2087680023
55027.4609375,41637562185,2336.58935546875,24264218606,1.0002729892730713,72320106597,474.2247619628906,1883200228
61710.13671875,45298472567,2683.352783203125,23468291180,1.0002789497375488,73383041658,517.3375244140625,1790085695
60880.11328125,33425553115,2599.5986328125,17907141655,1.0005780458450317,55251256632,509.1827087402344,1565495419
60945.8125,15745822278,2610.02294921875,9361014219,1.0002110004425049,31042565436,523.317626953125,1394699693
58719.484375,22759754812,2553.252197265625,13595441987,1.0000449419021606,41909131618,503.8045349121094,1563057068
59354.515625,37078637820,2724.431884765625,21653090666,1.0001800060272217,63275431596,518.5361328125,1786263873
60609.56640625,30327698167,2703.671875,16383053029,1.0002659559249878,51440569199,524.1285400390625,1757981177
58737.26953125,29961696180,2662.914794921875,15825365408,1.000290036201477,52144724490,524.0153198242188,1604400640
57560.09765625,35682112440,2570.087646484375,16345801912,1.000236988067627,56751936622,519.870361328125,1645936961
58894.10546875,29350938673,2593.1865234375,13275561555,1.0002909898757935,49001060836,519.9686279296875,1538941515
59478.97265625,13589684021,2614.546875,6676568717,1.0002089738845825,27396981274,542.2342529296875,1554176167
58483.96484375,17740625837,2613.357177734375,9207267415,1.000641942024231,34966981759,531.6085205078125,1458218557
59493.453125,25911207712,2637.306396484375,11968963282,1.000525951385498,46796006984,559.81884765625,1721716619
59012.79296875,31613400008,2573.10693359375,13249483464,1.0000460147857666,53591125880,569.2669677734375,2062353969
61175.19140625,32731154072,2631.3955078125,12766015263,1.0003060102462769,53113473486,570.0197143554688,1887431524
60381.9140625,27625734377,2622.951416015625,10723280428,1.0002280473709106,45673020568,583.0518798828125,1998394415
64094.35546875,42530509233,2764.447021484375,16857181970,1.0008389949798584,66435913915,591.8060302734375,2037288685
64178.9921875,21430585163,2769.3896484375,11765811307,1.0004119873046875,46227369084,580.76220703125,1954023736
64333.54296875,18827683555,2749.15771484375,9375535539,1.0005450248718262,40361519650,574.2499389648438,1681089758
62880.66015625,27682040631,2681.340576171875,12282035835,1.000201940536499,51030197598,548.8280029296875,1818728257
59504.1328125,39103882198,2458.7265625,18028996056,1.0003269910812378,65120597214,533.9758911132812,1853530701
59027.625,40289564698,2528.41552734375,20359545410,1.0001499652862549,69866785923,536.816162109375,1861040561
59388.1796875,32224990582,2528.792724609375,13946434277,1.0001590251922607,51557558279,536.6256713867188,1577402536
59119.4765625,32292756405,2525.822021484375,15526218255,0.9998930096626282,53462688174,535.3157958984375,1598876190
58969.8984375,12403470760,2513.393798828125,6646876013,0.9998840093612671,24536311364,532.89697265625,1284869085
57325.48828125,24592449997,2427.90234375,11800443265,1.0000059604644775,40816634044,512.59521484375,1498350087
59112.48046875,27036454524,2538.187255859375,12520444224,0.9998949766159058,45617837521,526.438720703125,1653356892
57431.0234375,26666961053,2420.603759765625,11406800197,0.9997509717941284,43284063635,518.6689453125,1559458476
57971.5390625,35627680312,2448.97705078125,16709600747,1.0000189542770386,57499396611,507.82049560546875,1898187560
56160.48828125,31030280656,2367.737548828125,13632325040,0.999754011631012,47219392114,502.0693664550781,1468645986
53948.75390625,49361693566,2223.87646484375,25825618367,0.9997419714927673,76063648537,486.9027404785156,1860035342
54139.6875,19061486526,2274.107177734375,11124608320,0.9998499751091003,34349157560,493.22613525390625,1358748616
54841.56640625,18268287531,2297.29296875,10718443487,0.99993497133255,32754298136,503.0001525878906,1378399660
57019.53515625,34618096173,2358.482177734375,15887712451,1.0001449584960938,53645369813,518.5453491210938,1602303180
57648.7109375,28857630507,2389.5810546875,12795818970,1.0000170469284058,44958459857,517.4838256835938,1461007853
57343.171875,37049062672,2339.841552734375,15355180967,1.0001369714736938,53910355372,530.1940307617188,1629703281
58127.01171875,33835707949,2361.78173828125,12162634681,0.9999719858169556,49496227393,544.3037719726562,1725751181
60571.30078125,32490528356,2441.607177734375,13759640866,1.0007779598236084,50561943685,557.01806640625,1745545933
60005.12109375,16428405496,2418.595703125,8170291680,1.0002069473266602,31284959922,553.5650634765625,1412065214
59182.8359375,18120960867,2320.897216796875,10155470375,1.000067949295044,33574816326,553.9722900390625,1565883242
58192.5078125,32032822113,2295.28369140625,16819033263,0.9999369978904724,52359857999,533.80908203125,1805132571
60308.5390625,38075570118,2341.707763671875,15356783863,1.0000879764556885,55698782715,546.0135498046875,1617928146
61649.6796875,40990702891,2369.72900390625,18159056422,1.0004349946975708,62277811817,559.0445556640625,1657679444
62940.45703125,42710252573,2464.752197265625,18437147349,1.0001980066299438,68815065769,566.2235107421875,1859308230
63192.9765625,35177164222,2561.072021484375,19112788620,1.0001109838485718,62999225593,568.5850830078125,1821452417
63394.83984375,14408616220,2615.857177734375,10797825021,1.000309944152832,33954200576,589.0379638671875,1694887390
63648.7109375,20183348802,2582.862548828125,13180663011,1.0000879764556885,41426101070,588.0869140625,1680179600
63329.80078125,31400285425,2648.54638671875,19912841456,0.9999989867210388,60077721757,604.3660278320312,2189508231
64301.96875,29938335243,2654.35498046875,16658812503,0.9999679923057556,56967919219,606.5230712890625,1904808937
63143.14453125,25078377700,2579.388671875,14119729962,0.9998549818992615,50797578929,587.3525390625,1744393946
65181.01953125,36873129847,2632.199951171875,17336033595,1.0002429485321045,66981158381,596.7769165039062,2081857126
65790.6640625,32058813449,2695.900634765625,17023020294,1.0001790523529053,61923482857,607.8670043945312,2144197609
65887.6484375,15243637984,2677.5390625,10252590559,1.0001859664916992,38585123416,601.5671997070312,1858159482
65635.3046875,14788214575,2659.346923828125,11126215671,1.0001399517059326,39151842030,596.4111938476562,1649655134
63329.5,37112957475,2603.062744140625,17826446789,0.999813973903656,64288823984,567.2600708007812,1978021598
60837.0078125,50220923500,2448.921142578125,25482371785,0.9997879862785339,87661652549,547.9971313476562,2124076272
60632.78515625,40762722398,2365.231689453125,20148256472,0.9997509717941284,70063566098,542.7123413085938,1821113448
60759.40234375,36106447279,2349.791259765625,18051447791,0.9999939799308777,63125979096,544.4249877929688,1611934612
62067.4765625,29585472513,2414.7939453125,14879264082,1.0001510381698608,52705769943,555.3842163085938,1518084330
62089.94921875,13305410749,2415.6318359375,8152969183,0.9999759793281555,29417406990,563.2091674804688,1426434745
62818.953125,14776233667,2439.957763671875,8458690205,0.9998459815979004,31287737203,570.542724609375,1416593714
62236.66015625,34253562610,2421.796630859375,17414044416,0.9999709725379944,62209887550,564.1497192382812,1703177011
62131.96875,28134475157,2439.8408203125,14067361080,0.9994199872016907,52704043947,580.4038696289062,2143563900
60582.1015625,27670982363,2368.283447265625,14954047093,0.9990710020065308,51841377811,570.2771606445312,1913652029
60274.5,30452813570,2383.85791015625,15327769940,0.9992089867591858,53496953156,562.7257690429688,1559089785
62445.08984375,30327141594,2436.513427734375,13489061564,0.9997559785842896,51632274020,572.8572387695312,1622508791
63193.0234375,16744110886,2476.523193359375,9372169184,0.9997569918632507,35944351076,576.4497680664062,1482994534
62851.375,18177529690,2467.677001953125,9189490605,0.9995570182800293,36960774632,571.8217163085938,1472484694
66046.125,43706958056,2628.89990234375,21434687898,0.9995030164718628,73645211355,588.9004516601562,1825783992
67041.109375,48863870879,2606.02197265625,22003780898,0.9998080134391785,83963242850,594.189208984375,2040945899
67612.71875,38195189534,2611.10205078125,17012396419,0.9998350143432617,63169854723,600.8178100585938,1918592073
67399.8359375,32790898511,2604.2734375,15150712321,0.9996830224990845,55057801321,592.0396118164062,1739191571
68418.7890625,36857165014,2641.55224609375,17043738652,0.9999079704284668,59487210585,599.364990234375,1638190792
68362.734375,14443497908,2648.656982421875,8557834553,0.9999489784240723,32490132300,597.9749145507812,1432675869
69001.703125,18975847518,2746.364013671875,14559296242,0.999701976776123,45409324314,605.517822265625,1608355248
67367.8515625,37498611780,2665.712158203125,17328615363,0.9998329877853394,66839777317,598.8175659179688,1917193200
67361.40625,31808472566,2620.197509765625,15541911074,0.9993879795074463,58886789137,593.3606567382812,1739710555
66432.1953125,32263980353,2509.098876953125,17876984551,0.9991940259933472,60689585382,582.473388671875,1719055847
68161.0546875,31414428647,2534.49853515625,16128627601,0.9995070099830627,57614263583,594.15478515625,1595144217
66642.4140625,41469984306,2435.93408203125,22560233078,0.9981629848480225,78091841017,574.2536010742188,1712373877
67014.6953125,19588098156,2479.603271484375,13597102184,0.9987220168113708,44076956725,582.8060913085938,1433826425
67929.296875,16721307878,2505.940673828125,9801434566,0.9987450242042542,34453667355,588.7158203125,1402058513
69907.7578125,38799856657,2565.34814453125,18971841402,0.999305009841919,66855500410,600.5960693359375,1671332663
72720.4921875,58541874402,2637.95751953125,22185845095,0.9997289776802063,87586242107,605.6682739257812,1886358424
72339.5390625,40646637831,2657.37255859375,22382690746,0.9996320009231567,69142436437,595.7278442382812,1662620787
70215.1875,40627912076,2515.79931640625,19760409505,0.9986230134963989,67445977914,576.0344848632812,1810695051
69482.46875,49989795365,2511.885498046875,20215438328,0.9994419813156128,75894767746,572.7622680664062,1708220753
69289.2734375,18184612091,2491.068603515625,9639457439,0.9996569752693176,35453783349,568.0368041992188,1427236241
68741.1171875,34868307655,2456.42529296875,15667779706,0.9995909929275513,57567131255,557.6416015625,1584005358
67811.5078125,41184819348,2397.0263671875,17110200696,0.9995650053024292,64129566492,552.0711059570312,1580672363
69359.5625,46046889204,2422.650634765625,17894057485,1.0000009536743164,69890308288,563.612060546875,1513727150
75639.078125,118592653963,2724.169189453125,41887574364,1.000830054283142,174263401161,591.9952392578125,2342544855
75904.859375,63467654989,2895.58544921875,35352318438,1.0007150173187256,113210698441,598.4359130859375,1970633102
76545.4765625,55176858003,2962.296630859375,32303261101,1.0004589557647705,102072246665,597.9484252929688,1878681588
76778.8671875,29009480361,3131.14453125,29210133088,1.000440001487732,79860693662,624.3746948242188,2739276599
80474.1875,82570594495,3191.331298828125,47418730187,1.0006929636001587,178936402107,628.302490234375,2965668641
88701.484375,117966845037,3374.81298828125,55417771668,1.0011160373687744,221704336713,661.88720703125,3375111971
87955.8125,133673285375,3246.25732421875,56686078066,1.0009820461273193,263991047405,627.0038452148438,3603680244
90584.1640625,123559027869,3192.595947265625,52010205682,1.0012710094451904,249998968429,621.0003051757812,3294001434
87250.4296875,87616705248,3058.94873046875,35743352141,1.0000189542770386,191362214233,621.6801147460938,3392713356
91066.0078125,78243109518,3103.04052734375,32701369872,1.0003670454025269,162767483205,618.866455078125,2547491086
90558.4765625,44333192814,3133.27392578125,26650658846,1.0002599954605103,132581111290,622.3731689453125,2115528251
89845.8515625,46350159305,3075.66162109375,28348163224,1.0002189874649048,132049931364,618.4000854492188,2452647630
90542.640625,75535775084,3207.8564453125,35445557613,1.0005910396575928,160315204053,619.4354858398438,2284855769
92343.7890625,74521048295,3111.384033203125,29823634432,1.0013370513916016,145026896702,615.9874267578125,2075194269
94339.4921875,71730956426,3072.18798828125,29785491216,1.0007619857788086,140774842890,606.1174926757812,2115915285
98504.7265625,106024505582,3361.053955078125,51619069348,1.001054048538208,196629125698,622.8263549804688,2698689844
98997.6640625,78473580551,3331.600830078125,36775716442,1.0011210441589355,168744865627,633.513427734375,2447537777
97777.28125,44414644677,3396.223388671875,38835184688,1.0009260177612305,175794188544,651.197265625,3306614137
98013.8203125,51712020623,3363.659912109375,27901454185,1.000862956047058,161179026067,660.3175659179688,3110188599
93102.296875,80909462490,3413.5439453125,51544793988,0.9999889731407166,191694839817,636.6397094726562,2787672069
91985.3203125,91656519855,3326.517333984375,39902959158,0.9996539950370789,181473614140,613.5872802734375,2637257322
95962.53125,71133452438,3657.249267578125,43383987191,1.0009939670562744,160374457051,644.948486328125,2393610865
95652.46875,52260008261,3579.8115234375,32362724276,1.0001540184020996,129679180306,654.3616333007812,2597378212
97461.5234375,54968682476,3593.494384765625,27622629486,1.000365972518921,134186448971,654.8097534179688,2098059690
96449.0546875,31634227866,3705.705322265625,30670867436,1.0006300210952759,120928470477,654.3291625976562,2273610461
97279.7890625,36590695296,3711.1650390625,28018113530,1.0007619857788086,130353277727,655.9324951171875,2055110342
95865.3046875,72680784305,3644.198486328125,47284967570,1.0003490447998047,227268445649,647.594482421875,2641248821
96002.1640625,67067810961,3620.711669921875,36839829742,1.0009859800338745,228432340978,737.6965942382812,4177512806
98768.53125,77199817112,3841.3310546875,56799745752,1.0013370513916016,230862012926,739.2527465820312,5614818578
96593.5703125,149218945580,3811.00830078125,60568296606,1.0022239685058594,300668571420,714.3219604492188,3771629643
99920.7109375,94534772658,4005.810546875,52853668566,1.001539945602417,217009391726,732.0062866210938,2870854029
99923.3359375,44177510897,4002.692626953125,22574636761,1.000910997390747,134071994829,750.2726440429688,2326982728
101236.015625,44125751925,4005.70458984375,20943378971,1.0008009672164917,124097864930,743.295654296875,2035017685
97432.71875,110676473908,3718.6904296875,57029832059,1.0004470348358154,268299692134,689.9243774414062,3267965774
96675.4296875,104823780634,3631.833740234375,58416417599,1.0006979703903198,258614541407,676.98291015625,3102408468
101173.03125,85391409936,3832.822021484375,35968053196,1.0005509853363037,183494290144,711.8114013671875,2276828057
100043.0,72073983533,3883.1015625,42971675764,1.0001039505004883,175416498704,705.9442138671875,2393129125
101459.2578125,56894751583,3911.205322265625,34895127659,1.0001319646835327,138144222106,726.2548217773438,2449855057
101372.96875,40422968793,3868.4052734375,28756190559,0.9997119903564453,105119424690,715.6956787109375,1957844883
104298.6953125,51145914137,3951.941162109375,25069616984,0.9994379878044128,110558845836,719.13427734375,1831103596
106029.71875,91020417816,3987.48095703125,46536359669,1.0001410245895386,182117784211,720.3263549804688,2276490785
106140.6015625,68589364868,3886.76611328125,35418700472,1.0000519752502441,153946818098,716.6824951171875,2363860623
100041.5390625,93865656139,3618.791259765625,48946681636,0.9996659755706787,204621508146,687.623779296875,2702479586
97490.953125,97221662392,3417.927978515625,58879190250,0.9991999864578247,235961162359,666.5693359375,2806454484
97755.9296875,105634083408,3472.553466796875,66383827229,0.9995260238647461,259587932676,678.0866088867188,3064285256
97224.7265625,51765334294,3337.222412109375,31579389836,0.9997699856758118,145138019727,663.2794799804688,2185739949
95104.9375,43147981314,3277.53515625,24780768375,0.9990730285644531,113706935887,648.7047119140625,1091595586
94686.2421875,65239002919,3415.785400390625,34496081389,0.9987210035324097,143549331087,693.000732421875,1738271695
98676.09375,47114953674,3492.0498046875,23083678195,0.9993100166320801,110251264354,696.7411499023438,1145844254
99299.1953125,33700394629,3493.2353515625,17651873225,0.9991679787635803,95006873018,702.3269653320312,893387310
95795.515625,47054980873,3331.225830078125,22247726776,0.9987840056419373,103981654028,688.360107421875,1253518341
94164.859375,52419934565,3328.9169921875,24091627403,0.9986330270767212,109643243034,690.4293823242188,1884726979
95163.9296875,24107436185,3397.90234375,14305648523,0.9981849789619446,67439233134,720.9590454101562,1890880986
93530.2265625,29635885267,3349.513427734375,13440907792,0.9981480240821838,69693606139,693.7545166015625,1647228348
92643.2109375,56188003691,3356.392578125,26981583962,0.9980729818344116,115072081499,704.1463012695312,1790325219
93429.203125,43625106843,3332.53173828125,20845452085,0.9980779886245728,91819301596,700.9868774414062,2372886701
94419.7578125,24519888919,3353.504150390625,14195410493,0.9978430271148682,68502735817,706.512939453125,1420234997
96886.875,46009564411,3451.392578125,22243574698,0.999114990234375,105203615172,705.6785888671875,1880664942
98107.4296875,35611391163,3605.009765625,21877299255,0.9995020031929016,98538090257,713.6435546875,1822243906
98236.2265625,22342608078,3657.706787109375,16060610759,0.999983012676239,74021836865,713.8411865234375,1524500208
98314.9609375,20525254825,3634.103759765625,12830306908,0.9998540282249451,64028140855,709.25830078125,1411808759
102078.0859375,51823432705,3688.611328125,23973574043,1.000427007675171,108122902094,729.4000854492188,2056633884
96922.703125,58685738547,3381.577392578125,32235312545,0.9999240040779114,131667426225,697.368896484375,2200352831
95043.5234375,63875859171,3326.329345703125,34337730882,0.9997599720954895,136465081033,695.837158203125,2189465209
92484.0390625,62777261693,3219.4306640625,28815726276,0.9999650120735168,123330689723,685.1207275390625,1931492677
94701.453125,62058693684,3267.489990234375,26503845190,0.9999110102653503,118957513491,693.6244506835938,1680784122
94566.59375,18860894100,3282.2177734375,11772144561,0.9996119737625122,57535335308,696.6578369140625,1290072226
94488.4375,20885130965,3265.951171875,11647743556,0.999534010887146,54637025454,693.0482788085938,1291862069
94516.5234375,72978998252,3135.499755859375,39911742769,0.9995449781417847,144300712698,688.2675170898438,2127442444
96534.046875,53769675818,3223.6845703125,22847737224,0.9997929930686951,98005957394,698.6196899414062,1566844744
100504.4921875,57805923627,3450.53759765625,25991614661,1.0000330209732056,123293293794,714.0284423828125,1856118408
99756.90625,54103781805,3308.34521484375,26395516475,0.9998999834060669,121313098677,708.2980346679688,1899114340
104462.0390625,71888972663,3474.107177734375,28200207229,1.000296950340271,134437311375,721.75048828125,1946000436
104408.0703125,50445655726,3305.78955078125,32420094038,0.9990590214729309,142636119598,709.4249877929688,2200623289
101089.609375,76789928525,3208.96435546875,57242875399,0.9990329742431641,242157716336,682.2039794921875,2841079952
102016.6640625,126279678351,3278.035400390625,52383187336,0.9989510178565979,273447339459,681.8033447265625,2865652878
106146.265625,88733878242,3327.40625,32804001146,0.9999179840087891,174822279640,691.8165893554688,2008007873
103653.0703125,53878181052,3240.224609375,22171220981,0.9995419979095459,112098975855,694.9832153320312,1762077789
103960.171875,104104515428,3334.714111328125,32419520084,1.0001579523086548,156427496541,690.2037353515625,2277458782
104819.484375,52388229265,3309.554931640625,25578325671,0.999891996383667,106044721443,680.2131958007812,1730218663
104714.6484375,23888996502,3317.26953125,13744316078,0.9998819828033447,65014479482,686.2684936523438,1457363671
102682.5,22543395879,3236.13427734375,14471528757,0.9996500015258789,63723125224,666.7637939453125,1529267261
102087.6875,89006608428,3178.92041015625,39412486482,0.9999600052833557,162852896419,679.7933349609375,2295184879
101332.4765625,47180685494,3077.112548828125,20718206194,0.9996489882469177,91853415796,661.424560546875,1659082131
103703.2109375,47432049818,3112.9990234375,22727786058,1.0001399517059326,94067494817,667.6857299804688,1716776649
104735.3046875,41915744521,3247.780029296875,19958405782,1.0001219511032104,83411405756,677.5535888671875,1506319921
102405.0234375,45732764360,3298.26513671875,30128115902,0.999770998954773,96233410167,677.3753662109375,1589542506
100655.90625,27757944848,3118.32861328125,19917507079,0.9998430013656616,72792811129,653.4329223632812,1544346912
97688.9765625,63091816853,2868.69287109375,42060930305,0.9997599720954895,147745588018,617.6006469726562,2282982721
101405.421875,115400897748,2884.566650390625,92453553253,1.0010509490966797,292831861639,617.1207885742188,3960962742
97871.8203125,73002130211,2735.05126953125,48795275985,1.0001579523086548,155187896041,573.3278198242188,2336864401
96615.4453125,49125911241,2787.779052734375,31960764447,1.0001319646835327,100967848652,569.7468872070312,1494467850
96593.296875,45302471947,2688.40087890625,29500645692,1.0001699924468994,99009274148,572.2740478515625,1722558011
96529.0859375,55741290456,2622.211181640625,29526663418,1.0003050565719604,107866064908,578.0668334960938,1583843573
96482.453125,22447526395,2632.308349609375,17059263074,1.000236988067627,59882139192,613.32421875,2087349099
96500.09375,27732901800,2628.72119140625,17517088276,1.0001939535140991,67025155232,616.64208984375,2630256614
97437.5546875,40078962391,2661.166748046875,19414208113,1.0001349449157715,82150710154,618.3145141601562,1860480297
95747.4296875,37488783272,2602.781982421875,21156550492,0.9998599886894226,84538857183,642.5872802734375,2162944541
97885.859375,49340445530,2736.902099609375,26919387954,1.00006103515625,102503671614,698.037353515625,3007130370
96623.8671875,37147280860,2675.902587890625,19481004625,1.000161051750183,83624826615,668.2775268554688,5139846836
97508.96875,32697987277,2726.091552734375,17732289901,1.0000840425491333,82431082792,658.0436401367188,2581045409
97580.3515625,17047266288,2693.559814453125,10803019357,1.0001540184020996,49511991572,662.3276977539062,1794465917
96175.03125,16536755396,2663.31591796875,10593602117,1.0000849962234497,45737337095,674.100830078125,2009553142
95773.3828125,27336550690,2743.19970703125,24170425078,0.9999330043792725,73802340406,667.2290649414062,1942930816
95539.546875,37325720482,2669.3388671875,23004152928,0.9993789792060852,85488692072,647.443359375,1985512627
96635.609375,28990872862,2715.77099609375,15272401903,0.9999290108680725,65862475675,653.5147094726562,1916599180
98333.9375,31668022771,2740.386474609375,15917259320,1.000331997871399,72455845464,657.2009887695312,1709065792
96125.546875,49608706470,2659.655517578125,31441524621,0.9995219707489014,108902119689,646.8995361328125,1926193637
96577.7578125,18353824477,2764.029296875,16403164397,1.0002189874649048,57283088675,668.5747680664062,1899367077
96273.921875,16999478976,2821.310302734375,20493767269,1.0001150369644165,54022199584,657.9036865234375,1502735946
91418.171875,44046480529,2513.8212890625,29127380459,0.999750018119812,100852116996,613.9630126953125,1901201673
88736.171875,92139104128,2493.592529296875,40044790246,0.9989879727363586,170041838176,622.9407958984375,2591258749
84347.0234375,64597492134,2331.45263671875,28815111323,1.0001970529556274,119836685405,610.6930541992188,1996066325
84704.2265625,52659591954,2305.484375,24286213447,0.9989799857139587,98043035762,605.1236572265625,1866447677
84373.0078125,83610570576,2237.9052734375,35737904667,0.9995290040969849,146908454227,587.4515991210938,2166029990
86031.9140625,29190628396,2216.643310546875,16135258239,0.9994490146636963,62938723492,607.5115356445312,1694454521
94248.3515625,58398341092,2519.694580078125,34854193845,1.0001250505447388,133280929229,622.9360961914062,2130538305
86065.671875,70072228536,2145.573974609375,31473561910,0.9991940259933472,135811207338,575.1699829101562,2161303026
87222.1953125,68095241474,2170.01513671875,33935738380,0.9996780157089233,130594229329,583.5868530273438,1969539538
90623.5625,50498988027,2241.977294921875,22105432727,0.9999439716339111,91447454228,597.975830078125,1534770591
89961.7265625,47749810486,2202.476806640625,18509069102,1.0001460313796997,87306564550,596.7237548828125,1621101888
86742.671875,65945677657,2138.987548828125,22425792863,0.9995579719543457,111427883161,593.96337890625,1866542048
86154.59375,18206118081,2201.51025390625,10533204814,0.9997190237045288,45463660288,593.0808715820312,1147671365
80601.0390625,30899345977,2015.5091552734375,16103964994,0.9997329711914062,66660356811,554.5804443359375,1540503120
78532.0,54061099422,1861.1513671875,35005066442,0.9996799826622009,106068799847,532.1218872070312,1896805158
82862.2109375,54702837196,1919.844970703125,30898385863,0.9997760057449341,104880955133,551.4745483398438,2438043846
83722.359375,40353484454,1908.982666015625,22898872951,0.9996870160102844,78841806978,569.8948364257812,1792696031
81066.703125,31412940153,1862.9696044921875,17977225564,0.9996259808540344,69499068047,579.2188110351562,2402408414
83969.1015625,29588112414,1909.467529296875,12122715282,1.0000289678573608,60468227136,587.1362915039062,1535548122
84343.109375,13650491277,1937.3946533203125,6456484591,1.0000439882278442,38617325773,619.486083984375,1403335470
82579.6875,21330270174,1887.43505859375,9292997638,1.0001120567321777,48641020262,602.2166137695312,1437680152
84075.6875,25092785558,1927.0029296875,10436892087,1.0000309944152832,56970443832,631.3626098632812,2488514984
82718.5,24095774594,1932.54345703125,10170844746,0.9998000264167786,55568882437,628.1344604492188,2175151767
86854.2265625,34931960257,2057.7490234375,20065206266,1.000290036201477,77454470815,619.2575073242188,2006233746
84167.1953125,29028988961,1982.099853515625,13217865782,0.9994919896125793,61655037854,629.9424438476562,2327219768
84043.2421875,19030452299,1964.8475341796875,9708125480,0.9996479749679565,47826756168,634.6077880859375,1472201311
83832.484375,9863214091,1980.037841796875,6117036512,0.9998779892921448,33001997620,626.5744018554688,1182741851
86054.375,12594615537,2005.2991943359375,7522339707,1.0000170469284058,39613720219,623.3494873046875,1222239081
87498.9140625,34582604933,2077.47900390625,14044912402,1.000357985496521,67599933158,636.64453125,1788439257
87471.703125,30005840049,2067.76416015625,11735658914,1.0001879930496216,58456757340,629.94287109375,2238118522
86900.8828125,26704046038,2009.1893310546875,13178523590,1.0000519752502441,58872800987,617.8167724609375,1600178624
87177.1015625,24413471941,2002.357421875,11593274543,0.9997180104255676,55911263699,637.2069702148438,2441273622
84353.1484375,34198619509,1895.5029296875,18160526498,0.9995089769363403,71112920720,619.4749145507812,1608298526
82597.5859375,16969396135,1827.3203125,12194771785,0.9995909929275513,45385777468,603.2378540039062,1367332800
82334.5234375,14763760943,1806.2186279296875,9854857162,0.9998700022697449,38085432412,601.8302001953125,1204098085
82548.9140625,29004228247,1823.47998046875,15765030938,0.9997680187225342,59967779901,605.0728149414062,1538796118
85169.171875,28175650319,1905.491455078125,15001220420,1.0,58370134998,611.297119140625,2091803391
82485.7109375,47584398470,1795.313232421875,22593742104,0.999796986579895,91631661187,590.6375732421875,1835749587
83102.828125,36852112080,1815.63720703125,16450974373,0.999567985534668,74632997745,592.1244506835938,2067033502
83843.8046875,45157640207,1815.335205078125,18061720814,0.9996160268783569,79619710660,597.5794067382812,1520730677
83504.796875,14380803631,1805.9732666015625,6374712479,0.9995840191841125,34108090670,593.1148681640625,1008300251
78214.484375,36294853736,1576.72802734375,22154445576,0.9992759823799133,74366051040,554.5949096679688,1679604717
79235.3359375,91262424987,1555.240966796875,46073959047,0.9997730255126953,159480342752,554.4833984375,2852045942
76271.953125,48314590749,1472.5531005859375,21315312919,0.9989749789237976,81564232647,553.4674072265625,1676208165
82573.953125,84213627038,1668.0400390625,39252195855,0.9996860027313232,139544979611,582.3693237304688,1963610005
79626.140625,44718000633,1522.518798828125,21379604307,0.9992910027503967,80163124209,577.4059448242188,1731740429
83404.8359375,41656778779,1567.1497802734375,14871838813,0.9994919896125793,69911193868,586.0889892578125,1369541748
85287.109375,24258059104,1643.528564453125,12110995013,0.9998840093612671,53780414831,597.123046875,1331878416
83684.9765625,28796984817,1596.685791015625,13909890792,0.9996529817581177,60193768880,584.04248046875,1318461096
84542.390625,34090769777,1622.7698974609375,16518325094,0.9996989965438843,65444521521,584.335205078125,1359554984
83668.9921875,28040322885,1588.6324462890625,13175452875,0.9998840093612671,54947280667,579.68603515625,1329270099
84033.8671875,29617804112,1578.1053466796875,15339621551,0.9999459981918335,59750641080,582.8062133789062,1435912484
84895.75,21276866029,1582.54833984375,11312160796,0.99993497133255,47118773907,590.1621704101562,1401643770
84450.8046875,12728372364,1588.9246826171875,7123507323,0.9997379779815674,33063109617,591.7638549804688,1418376835
85063.4140625,15259300427,1612.9228515625,7168138700,0.999879002571106,34424066182,591.7767944335938,1227124904
85174.3046875,14664050812,1587.5142822265625,7642784469,0.9999120235443115,37039868478,592.972412109375,1307477245
87518.90625,41396190190,1579.7344970703125,15403785611,0.9999399781227112,72249779354,597.4141845703125,1430343137
93441.890625,55899038456,1757.3316650390625,23747917555,1.00027596950531,97051535759,618.8269653320312,1734142941
93699.109375,41719568821,1796.104248046875,22904644756,1.0002959966659546,89456481949,605.8150024414062,1834047719
93943.796875,31483175315,1769.8316650390625,15207402759,1.0002739429473877,70478465816,601.7158203125,1573943361
94720.5,40915232364,1786.634521484375,17459399281,1.0006020069122314,82748542699,600.1810302734375,1735398071
94646.9296875,17612825123,1821.881103515625,11926379867,1.0003360509872437,50556786801,607.7041015625,1507509250
93754.84375,18090367764,1792.864990234375,11321944113,1.0003470182418823,45636119067,603.6184692382812,1452152303
94978.75,32363449569,1798.851806640625,17043640437,1.0002670288085938,71418678616,606.364990234375,1478956158
94284.7890625,25806129921,1799.1756591796875,14734257744,1.0003050565719604,58847439395,601.0289916992188,1587553456
94207.3125,28344679831,1793.775390625,14810431362,1.0001649856567383,60565082309,599.6817016601562,1504095222
96492.3359375,32875889623,1839.2215576171875,15861442721,1.0002650022506714,63545852894,599.918212890625,1406049035
96910.0703125,26421924677,1842.7078857421875,13570171872,1.000324010848999,53577687728,601.1641845703125,1444818831
95891.796875,15775154889,1833.8397216796875,8344452620,1.0002399682998657,37059197790,599.3313598632812,1221915136
94315.9765625,18198688416,1808.59423828125,8918979887,1.0000239610671997,39019645137,585.9950561523438,1306600030
94748.0546875,25816260327,1819.697509765625,11389336489,0.9998720288276672,52376592856,597.6897583007812,1465943685
96802.4765625,26551275827,1815.0875244140625,13206516310,0.9999769926071167,56328642132,602.473876953125,1594251780
97032.3203125,76983822462,1811.606689453125,50540755039,1.0001490116119385,58714502443,603.2796630859375,1537003234
103241.4609375,69895404397,2206.5146484375,37777245241,1.00006902217865,113086692647,628.6634521484375,2061341461
102970.8515625,58198593958,2345.50732421875,43766026875,1.0000319480895996,123013026162,666.8784790039062,2418287835
104696.328125,42276713994,2582.422607421875,30265913403,1.0001089572906494,88086126429,663.6172485351562,2282413256
104106.359375,46285517406,2510.23779296875,26496368543,1.0001250505447388,88874924689,650.6254272460938,1906600802
102812.953125,63250475404,2496.397705078125,32121858921,1.0001150369644165,130321621664,660.4843139648438,2609669556
104169.8125,52608876410,2680.129638671875,33528741590,1.0002009868621826,104321151541,665.570556640625,2108811440
103539.4140625,45956071155,2610.063232421875,26602676588,1.0002429485321045,86030378330,652.571044921875,1876674692
103744.640625,50408241840,2546.85693359375,26637688883,1.0000699758529663,90553673786,651.2642211914062,1888457576
103489.2890625,44386499364,2536.297607421875,21298907763,1.000251054763794,71549071733,646.3213500976562,1634445685
103191.0859375,37898552742,2475.75439453125,18830706230,1.000262975692749,60177866672,639.618896484375,1449713512
106446.0078125,49887082058,2498.233642578125,25005164865,1.0004240274429321,83080469498,652.164306640625,1592388678
105606.1796875,61761126647,2529.166748046875,27351331811,1.0003060102462769,94868169113,649.8529052734375,1595233688
106791.0859375,36515726122,2524.173095703125,23453322578,1.0002830028533936,83143664164,650.330810546875,1512635652
109678.078125,78086364051,2552.34716796875,31952904125,1.0003349781036377,123466069083,673.1486206054688,2377493291
111673.28125,70157575642,2664.156982421875,26596978352,0.9995790123939514,110975437486,686.2356567382812,2248278627
107287.796875,67548133399,2526.44189453125,30536501878,1.0000449419021606,120184388351,656.231689453125,1996132529
107791.15625,45903627163,2530.646240234375,11380899856,1.0003230571746826,60282877255,668.3065185546875,1475660792
109035.390625,47518041841,2551.763916015625,14556431364,1.0003199577331543,65478311659,669.9168701171875,1591152958
109440.3671875,45950461571,2564.138427734375,14936610009,1.0003249645233154,65825717009,674.3926391601562,1568627598
108994.640625,57450176272,2663.06982421875,26264200536,1.000349998474121,88511058748,687.1594848632812,2019130226
107802.328125,49155377493,2682.212890625,19087366068,1.0001959800720215,75666999754,687.405517578125,1759924602
105641.7578125,56022752042,2632.65478515625,27567479811,0.9997829794883728,132016426246,675.1721801757812,1938258667
103998.5703125,57655287183,2529.943603515625,24599403943,1.0001389980316162,103196627033,655.482177734375,1904377880
104638.09375,38997843858,2529.08740234375,13992843765,1.000372052192688,66326914702,658.5012817382812,1478599983
105652.1015625,37397056873,2536.266357421875,13287852482,1.0003050565719604,53989612056,660.9917602539062,1468711165
105881.53125,45819706290,2607.097412109375,16744168824,1.0004700422286987,66085098943,666.5907592773438,1782539875
105432.46875,46196508367,2593.2802734375,18291179016,1.000488042831421,71013728169,661.6989135742188,1696519631
104731.984375,44544857105,2608.64306640625,18621211035,1.0004349946975708,67119856911,663.706298828125,1561308740
101575.953125,57479298400,2416.28564453125,26194462737,1.0005370378494263,92185172217,634.0535888671875,1987901562
104390.34375,48856653697,2477.19482421875,19407449565,1.0006680488586426,72405540439,643.4342041015625,1728825229
105615.625,38365033776,2526.50537109375,11664303387,1.0005559921264648,53104974465,651.1504516601562,1468009270
105793.6484375,36626232328,2510.787109375,12097170203,1.0004260540008545,56579422544,652.1478271484375,1385072458
110294.1015625,55903193732,2681.51708984375,20605172560,1.0004609823226929,78229739798,665.9540405273438,1629752670
110257.234375,54700101509,2813.517578125,35555755055,1.0000779628753662,96538967029,673.6104736328125,1849736872
108686.625,50842662052,2773.529296875,30705408054,1.0001569986343384,86823756798,667.6690673828125,1778663531
105929.0546875,54843867968,2651.795166015625,25924959613,1.0003069639205933,83390494825,656.2438354492188,1695465665
106090.96875,69550440846,2579.486083984375,37986747138,1.000290036201477,113707726435,655.2557373046875,1964558213
105472.40625,38007870453,2533.444091796875,14285000473,1.0004730224609375,49035562806,645.9127807617188,1337524307
105552.0234375,36744307742,2546.837158203125,13961893828,1.0000489950180054,47283178771,648.28076171875,1352632285
106796.7578125,50366626945,2540.60498046875,22792449577,1.0005040168762207,81243114660,650.9617309570312,1588063609
104601.1171875,55964092176,2510.761474609375,25653232897,1.0002230405807495,88541509931,648.5108032226562,1784039065
104883.328125,47318089133,2524.301513671875,19873957905,1.0002059936523438,72884896811,644.8067626953125,1667361898
104684.2890625,37333806920,2521.653564453125,12782730709,1.0001859664916992,51812908672,644.6807250976562,1374982734
103309.6015625,50951862476,2407.30419921875,22592586688,1.0001490116119385,75209794639,641.784423828125,1614121225
102257.40625,38360555118,2300.49560546875,16108791762,1.000059962272644,59391042865,628.7478637695312,1486820788
100987.140625,65536997201,2228.213134765625,28458151601,1.000251054763794,99454507418,615.99462890625,1895564160
105577.7734375,65237759656,2421.824951171875,26247439429,1.0015660524368286,98542704157,641.2962036132812,1783710380
106045.6328125,48822986421,2448.0087890625,19539047009,1.0004520416259766,75707901657,643.7371826171875,1498769929
107361.2578125,51624120283,2419.310302734375,17158118625,0.9999799728393555,69356982500,645.9231567382812,1653677161
106960.0,43891990613,2416.146728515625,18300413888,1.0002130270004272,64207856832,642.4142456054688,1439442979
107088.4296875,45353692675,2423.866943359375,15309834970,1.0003290176391602,60543447346,646.1536254882812,1358247058
107327.703125,30037708335,2437.109375,8273074809,1.0002490282058716,36646048715,648.7504272460938,1185616315
108385.5703125,35534874438,2500.9599609375,12500580479,1.000270962715149,47033153081,655.0361938476562,1284469590
107135.3359375,42064804590,2486.46435546875,16859727663,1.000251054763794,63682675277,657.0253295898438,1487336817
105698.28125,44110692247,2405.792724609375,15025451796,1.0001709461212158,61712257961,646.39794921875,1382771755
108859.3203125,56248657737,2571.33544921875,22792512025,1.0004290342330933,84337260966,660.0572509765625,1576434816
109647.9765625,50494742270,2591.00732421875,20873559425,1.000359058380127,74258481190,663.3231201171875,1512518612
108034.3359375,42616442656,2508.518310546875,17222740209,1.0003000497817993,61260899527,653.739501953125,1379813703
108231.1796875,30615537520,2517.280029296875,9289382302,1.0002570152282715,36817986895,656.1428833007812,1193229342
109232.0703125,36746020463,2571.236572265625,13190436110,1.0002360343933105,49522300682,663.0889892578125,1387600565
108299.8515625,45415696597,2543.01318359375,18440266947,1.000033974647522,61718401347,661.0181884765625,1524912345
108950.2734375,44282204127,2615.505859375,17537487206,1.0002130270004272,61978988726,660.7628784179688,1517607542
111326.5546875,57927418065,2770.777587890625,27229452849,1.0005320310592651,89310464799,669.1525268554688,1667011677
115987.203125,95911605728,2954.84521484375,33929201261,1.000020980834961,118583636419,685.6607055664062,2023565748
117516.9921875,86928361085,2957.88623046875,36226558863,0.999862015247345,149421606856,689.8733520507812,2327541748
117435.2265625,45524560304,2942.91162109375,16317198254,1.0002820491790771,78220719514,685.7778930664062,1715321874
119116.1171875,49021091807,2973.35888671875,17361753131,1.0003859996795654,79087285413,692.2304077148438,1631603869
119849.703125,181746419401,3013.350830078125,36349290556,1.0000239610671997,139888129017,689.416748046875,2362276526
117777.1875,98321661181,3139.8896484375,39013656112,1.0000770092010498,147110595931,689.921142578125,2167202399
118738.5078125,72162029070,3371.5068359375,46771354461,1.0004160404205322,136735817796,708.1260986328125,2298649454
119289.84375,72363841798,3476.784423828125,47532846793,1.0006929636001587,145287866633,721.2119750976562,2877681453
118003.2265625,77945799785,3549.016357421875,59198465810,1.000627040863037,171391095397,730.2163696289062,3407382999
117939.9765625,47564562765,3595.273681640625,26031719746,1.0004709959030151,84555363504,733.529052734375,2067691091
117300.7890625,57515447231,3759.471435546875,44600451066,1.0002169609069824,121220271115,757.7399291992188,2353254456
117439.5390625,69820091744,3763.371337890625,42611467663,1.000298023223877,142526085980,766.783935546875,2776231461
119995.4140625,79217583118,3749.1455078125,45248868820,1.000270962715149,152807165273,786.1411743164062,3009453883
118754.9609375,66608604537,3629.70361328125,41283228953,1.0004429817199707,141784375073,776.6404418945312,3987433985
118368.0,72627318560,3708.005615234375,40377960354,1.0006940364837646,140278466992,771.239990234375,2833667773
117635.8828125,104857024569,3727.266845703125,42264509577,1.0001959800720215,160666344286,785.6064453125,2536046506
117947.3671875,48508954046,3741.39599609375,24635287361,1.0003559589385986,81395777919,793.2825927734375,1760509145
119448.4921875,54683390892,3875.24658203125,28897450394,1.0002609491348267,93779072985,843.261962890625,2914460887
117924.4765625,64822943193,3787.42578125,35831336149,1.0000560283660889,122494776913,822.0185546875,3448410233
117922.1484375,68463107433,3793.454833984375,35540435995,0.9998059868812561,119233565102,804.89892578125,3097306022
117831.1875,68896148592,3808.20166015625,34392494235,0.9999549984931946,117065539789,793.1448364257812,2836541071
115758.203125,69370346018,3696.707763671875,32839839444,0.9999570250511169,115507997580,783.6668090820312,2581137230
113320.0859375,91294530181,3488.365966796875,46261558200,0.9994699954986572,149264878937,757.1865844726562,3061372565
112526.9140625,56870866000,3392.7412109375,30165065282,0.9996669888496399,90832324897,736.6464233398438,2181365266
114217.671875,48099615826,3497.379150390625,19363593865,1.0000499486923218,68628703726,751.5609741210938,1761506433
115071.8828125,35783028986,3718.986083984375,30905749658,0.9998930096626282,94254451380,769.05908203125,1940596416
114141.4453125,61039182286,3611.8994140625,32778742296,0.9998720288276672,100233404863,754.8510131835938,1951120762
115028.0,56379133510,3683.920654296875,26924415763,1.0001959800720215,86168507038,769.8478393554688,1969112524
117496.8984375,64051649681,3914.325927734375,38627826066,1.0002870559692383,113750272695,788.1963500976562,2162190917
116688.7265625,59713005166,4009.848876953125,45460293892,1.0000909566879272,120123758457,793.4395751953125,2429517922
116500.359375,54004312429,4263.59912109375,45279715746,1.0002690553665161,109112430637,799.0867309570312,2215143664
119306.7578125,64755458694,4254.2177734375,36173931367,1.000251054763794,110258257943,805.8734741210938,2090904941
118731.4453125,90528784177,4226.966796875,49989853803,1.0002909898757935,153631931263,806.730224609375,2805693912
120172.90625,72803657984,4590.9248046875,57237189036,0.9998049736022949,145454707320,832.9265747070312,2889217820
123344.0625,90904808795,4756.27587890625,62550014642,1.000357985496521,176174405839,849.0054931640625,3364649534
118359.578125,104055627395,4548.16650390625,75681632806,1.0006519556045532,209961673553,840.9309692382812,4687490471
117398.3515625,68665353159,4439.98876953125,55445715824,1.0006330013275146,136081976828,827.2891845703125,3843113557
117491.3515625,48036922378,4426.18017578125,26816931514,1.0006309747695923,78429925390,839.3980712890625,1960223183
117453.0625,45852169525,4473.271484375,31348101438,1.0006550550460815,84634710709,856.4029541015625,2286889646
116252.3125,72787808090,4312.5048828125,53518423360,1.0004750490188599,135590930861,847.4179077148438,2765082388
112831.1796875,71657600353,4073.464111328125,50440367102,1.0002080202102661,133667632358,823.56591796875,2718797059
114274.7421875,67993811526,4334.50048828125,49577862965,1.000054955482483,128830738720,869.1038818359375,3612563758
112419.03125,57817883700,4223.2099609375,33618359942,0.9996449947357178,99705745364,839.0408325195312,2848998239
116874.0859375,82528088240,4831.3486328125,75965521535,0.9997140169143677,177968789836,898.7745361328125,3534039226
115374.328125,55377142586,4776.09033203125,36503623278,0.9995710253715515,106830359561,880.046142578125,2470653598
113458.4296875,73961489632,4779.6474609375,52405003873,0.9998869895935059,144846575399,876.0802001953125,2909070734
110124.3515625,85706860190,4372.98779296875,63936163545,1.0001230239868164,168636919245,840.1719360351562,3300479072
111802.65625,69396320317,4600.4267578125,53829747706,1.0003160238265991,138436111431,863.6304931640625,2609863400
111222.0625,62137056409,4503.39306640625,43509902322,1.0000590085983276,120312328281,855.6463012695312,2391188252
112544.8046875,58860155962,4507.177734375,36045274078,1.0000410079956055,110437549759,874.3660278320312,2744315947
108410.8359375,77843379644,4360.15283203125,46899991962,1.0001460313796997,142155878479,863.2765502929688,2614507748
108808.0703125,51486264208,4374.1533203125,25883112278,1.0000569820404053,82307848032,862.4039916992188,2030968355
108236.7109375,47986191770,4390.01904296875,26683044984,1.000059962272644,81269306867,857.8167724609375,1741117798
109250.59375,66870372995,4314.47021484375,37530746508,1.000046968460083,122614755607,845.8262939453125,2756614903
111200.5859375,74776999491,4325.36572265625,39884692334,0.9999970197677612,125812940916,851.7772216796875,2385434736
111723.2109375,61119643565,4450.38916015625,35260873497,1.0005710124969482,106189144879,855.2587890625,1915348780
110723.6015625,60131132901,4298.744140625,34919798552,1.0003060102462769,102212994424,843.802978515625,1915009280
110650.984375,60241647677,4306.98876953125,44163736676,0.9999499917030334,132146186478,849.979248046875,2025139739
110224.6953125,21500719036,4274.2421875,18108246446,1.0002219676971436,63681768081,861.7720947265625,1992250771
111167.6171875,24618007520,4305.34765625,17426783536,1.0000929832458496,70719934554,880.613037109375,1996378716
112071.4296875,40212813407,4308.072265625,32277142378,0.9999060034751892,114790407663,878.2759399414062,2289021738
111530.546875,45984480722,4309.04150390625,30703320925,1.0000649690628052,124541484302,880.0150146484375,1795168603
113955.359375,56377473784,4349.14599609375,39521365146,1.0001380443572998,133101421364,893.5665893554688,2868650920
115507.5390625,45685065332,4461.2333984375,35959212991,1.0002659559249878,121507255807,902.9833374023438,2250551806
116101.578125,54785725894,4715.24609375,43839753626,1.0006179809570312,141338448172,925.0307006835938,2648100391
115950.5078125,34549454947,4668.1796875,34843845977,1.000319004058838,119042646333,933.899658203125,2744192106
115407.65625,32798036057,4609.59765625,28394160275,1.0005279779434204,105982674402,927.24169921875,2338327311
115444.875,52937859416,4526.8203125,40224062009,1.0003299713134766,139213508847,919.97021484375,2475846477
116843.1875,45781744593,4503.564453125,32761501436,1.0004240274429321,116631704617,955.7125854492188,3101245055
116468.5078125,60528025996,4592.7333984375,44120899417,1.0004500150680542,154274220391,990.3097534179688,3641636248
117137.203125,49457272032,4589.9189453125,33497259158,1.0001269578933716,142240779824,981.835205078125,3741252935
115688.859375,38828473971,4470.9169921875,30352619653,1.0005459785461426,112173044138,984.1240844726562,3293771895
115721.9609375,22864449614,4482.265625,18056494322,1.0003759860992432,78464789723,1042.650146484375,3759046572
115306.09375,22495852193,4451.3291015625,19330306133,1.0004229545593262,84579518480,1048.67236328125,4306431415
112748.5078125,70684158591,4202.87744140625,58221334533,1.0009779930114746,192241730378,993.0140380859375,4892903256
112014.5,47211853279,4165.50390625,32460075911,1.0001620054244995,129756252249,1017.0198974609375,4038510425
113328.6328125,48044595085,4153.46923828125,33538388785,1.000264048576355,127933462579,1018.8478393554688,3603925585
109049.2890625,75528654284,3868.333984375,68963092031,1.0004709959030151,201897993979,945.713623046875,4693762081
109712.828125,57738288949,4035.887939453125,47873508328,1.0004780292510986,154341516007,960.9239501953125,3789703570
109681.9453125,26308042910,4018.658203125,20382555776,1.0004600286483765,83168656412,968.78955078125,2777184185
112122.640625,33371048505,4141.4765625,24631307054,1.000349998474121,92130856740,993.3155517578125,2519459113
114400.3828125,60000147466,4217.341796875,38560429932,1.000560998916626,149598657209,1030.7412109375,3359320684
114056.0859375,58986330258,4145.95751953125,37679153330,1.0000959634780884,141617176980,1008.4834594726562,3076619211
118648.9296875,71328680132,4351.1123046875,46161664723,1.0005110502243042,160344508086,1026.166748046875,3100184262
120681.2578125,71415163912,4487.923828125,48074066058,1.000707983970642,169486978125,1090.6556396484375,3813163059
122266.53125,83941392228,4514.87060546875,49603450230,1.0004940032958984,180715556425,1189.9190673828125,6097241167
122425.4296875,36769171735,4489.197265625,21832270764,1.0003459453582764,99382972258,1150.547607421875,3775482131
123513.4765625,73689317763,4515.4228515625,44880806324,1.0001980066299438,158608091665,1165.527587890625,3611451465
124752.53125,72568881188,4687.771484375,44992456374,1.0002150535583496,168375378432,1223.5810546875,5653272930
121451.3828125,76149412513,4451.15185546875,54879425294,1.0004700422286987,192783487489,1310.21435546875,11163171147
123354.8671875,65354305286,4527.64794921875,40456628235,1.0003169775009155,158618584990,1306.599365234375,7916662087
121705.5859375,74653009425,4369.1435546875,47903074596,1.000491976737976,174554495070,1255.890625,8172167891
113214.3671875,153125018868,3843.0087890625,97736621123,1.001755952835083,344398037459,1106.8985595703125,10329526518
110807.8828125,110236934340,3750.611572265625,62475475938,1.0010730028152466,253479630144,1137.1993408203125,8101403820
115169.765625,93710414091,4164.427734375,61216174681,1.0012569427490234,217858899877,1303.1173095703125,10201040572
115271.078125,71582026739,4245.4677734375,50253782420,1.001013994216919,193528248672,1293.4732666015625,11820387271
113118.6640625,92212917403,4125.412109375,67094148347,1.0005470514297485,221236832633,1211.0511474609375,10106588255
110783.1640625,72574132855,3987.45947265625,50462889453,1.000586986541748,170147938778,1162.6917724609375,5853929585
108186.0390625,87306423067,3894.75439453125,49147390731,1.0001649856567383,183807551756,1145.8253173828125,5605348340
106467.7890625,99703051669,3832.558837890625,57404271888,1.00033700466156,204241479578,1071.9630126953125,6656427568
107198.265625,37779905278,3890.34619140625,23815676385,1.000311017036438,92433050492,1093.1524658203125,3767783165
108666.7109375,47657008953,3984.649658203125,32870655221,1.0004010200500488,113441520509,1109.6800537109375,3690436753
110588.9296875,63507793085,3980.76025390625,40224612563,1.0003750324249268,140035880063,1101.0616455078125,4209252745
108476.890625,101194375480,3876.76416015625,49960290350,1.0004620552062988,189249929340,1057.4404296875,4398689427
107688.5859375,80807013218,3808.122314453125,46173305673,1.0001879930496216,164510413668,1072.0479736328125,3625757780
110069.7265625,54944076060,3856.0263671875,36361652714,1.0005199909210205,129632145103,1127.572998046875,5661131703
111033.921875,48160816980,3934.5673828125,34090708715,1.0003039836883545,119470709578,1109.148681640625,3451758493
111641.7265625,24707667305,3953.470947265625,15245229017,1.0001230239868164,69239633414,1116.7412109375,2230311136
114472.4453125,41708524143,4157.9892578125,29120786315,1.000033974647522,102374273854,1137.5869140625,2746697366
114119.328125,61761358733,4120.1220703125,40271333201,0.9999619722366333,141545257932,1139.7459716796875,4501355092
112956.1640625,64528066504,3982.262451171875,39684155177,1.0002690553665161,130159595314,1103.144775390625,4178047763
110055.3046875,62192043469,3903.35302734375,35255876156,1.0002069473266602,137767365340,1107.163330078125,4169218996
108305.546875,69673964814,3804.375244140625,39981939289,0.9998959898948669,153545488789,1078.6114501953125,4153774666
109556.1640625,60090359560,3847.080322265625,37800100395,0.999576985836029,135248715842,1088.9554443359375,4399392720
110064.015625,25871668762,3874.18798828125,17490279524,0.9996640086174011,74530426678,1094.642333984375,2138185589
110639.625,34284209459,3911.063232421875,20479611654,1.0000660419464111,87990855403,1084.35986328125,2049912244
106547.5234375,72852006359,3602.30810546875,53091469560,0.9998530149459839,176871325526,992.535400390625,4849653054
101590.5234375,110967184773,3292.574462890625,76827517773,0.9999819993972778,241475086413,937.8932495117188,5824529918
103891.8359375,77584934804,3425.171142578125,46955882330,0.9998909831047058,164615811246,959.9510498046875,3816276917
101301.2890625,63932752861,3312.2578125,36731850433,0.9996479749679565,136131315720,949.1804809570312,2798073439
103372.40625,92168030081,3435.301025390625,42609994022,0.9997280240058899,170699361657,990.5523681640625,3614944089
102282.1171875,51446691095,3400.3759765625,23613870398,0.9996569752693176,102848841858,990.2227172851562,2913804232
104719.640625,59679243013,3582.621337890625,28821543888,1.0000360012054443,106734150825,996.579833984375,2642212274
105996.59375,69585887229,3568.4599609375,35638045619,0.9996899962425232,136965192866,991.919677734375,2844075057
102997.46875,71130078574,3415.2822265625,39734688531,0.9997050166130066,139919777898,958.2657470703125,2696896367
101663.1875,64347179408,3413.09423828125,34898956623,0.9999480247497559,125966296267,953.010498046875,2405972144
99697.4921875,101546815416,3232.757080078125,50283416669,0.9994069933891296,167234230804,928.046630859375,3034452281
94397.7890625,114346441890,3103.78564453125,47003809463,0.9991289973258972,179708124711,915.3092651367188,3778463496
95549.1484375,38500716654,3166.63134765625,19932940649,0.9995309710502625,87346757339,932.201904296875,1963778260
94177.078125,71086235862,3092.847412109375,30987886524,0.9992619752883911,119937340292,927.2578735351562,2497118342
92093.875,94186165724,3024.538818359375,41026793235,0.998894989490509,158466587927,906.482421875,3757441490
92948.875,101333569062,3122.97900390625,41581494270,0.9995250105857849,156914958706,932.4823608398438,3623344375
91465.9921875,80350354656,3023.07080078125,40229739844,0.9990829825401306,142163447276,895.6196899414062,3254464199
86631.8984375,97970645638,2831.777587890625,43917885207,0.9996950030326843,162346571995,866.3438720703125,3038816761
85090.6875,129157506112,2765.69921875,51476486049,0.9994140267372131,211350842667,830.0787353515625,4772315493
84648.359375,40793099246,2767.607421875,15408928941,0.9994750022888184,80725438012,833.35107421875,2015396840
86805.0078125,58083435576,2801.676025390625,20358404499,0.9996799826622009,93113293579,843.2247924804688,1754920246
88270.5625,74433896110,2952.71337890625,32491657389,0.9996370077133179,119819578839,864.421142578125,2485800089
87341.890625,64837343545,2957.936279296875,23336017779,0.9995179772377014,102433262214,862.1080322265625,2007620452
90518.3671875,66496301869,3027.81201171875,21433162961,1.0000009536743164,102580658562,891.7533569335938,2040255309
91285.375,57040622845,3014.542236328125,16972780500,0.9999079704284668,84918880946,895.559814453125,1780660164
90919.265625,60895830289,3032.304443359375,20659958964,1.000175952911377,93695868523,887.6467895507812,2009647841
90851.7578125,37921773455,2991.685302734375,12775481230,1.0002330541610718,56449708485,873.6898803710938,1357539865
90394.3125,38497902869,2992.112548828125,11530446514,1.0001850128173828,58060684316,877.5767822265625,1452982911
86321.5703125,87962894424,2800.18896484375,36679598313,0.9999269843101501,136512854575,827.4053955078125,2778473663
91350.203125,78546798211,2997.939697265625,26593645111,1.0002959966659546,115617188862,877.03466796875,2264885312
93527.8046875,77650204986,3191.57177734375,29949301036,1.000501036643982,117032986206,921.7537231445312,2754777581
92141.625,64538402681,3134.31640625,27434991113,1.000236988067627,98585820418,900.0661010742188,2052379059
89387.7578125,63256398633,3024.432861328125,28000268228,1.0002319812774658,98818490719,884.2180786132812,1968850986
89272.375,37994042405,3040.207763671875,10962819760,1.0003390312194824,53315581787,890.5450439453125,1418385761
90405.640625,47394898960,3061.3017578125,20383496376,1.0003310441970825,72808424054,894.0222778320312,1779976227
90640.203125,57394099056,3125.197998046875,25262165670,1.0002720355987549,88136109201,897.6040649414062,1906067258
92691.7109375,66861721440,3321.114990234375,32012553374,1.0000849962234497,108124525756,898.8104248046875,2357057936
92020.9453125,65420694513,3325.39013671875,30694387989,1.0002800226211548,104582114546,894.650634765625,2429639422
92511.3359375,64532834621,3237.056884765625,29066243707,1.0002559423446655,101622304149,886.1666259765625,2524483059
90270.4140625,80275884583,3084.172607421875,24391003174,1.000080943107605,86394477161,881.8676147460938,1807202490
90298.7109375,64237748110,3116.6953125,9916869400,1.0002570152282715,46254432201,897.4295654296875,1472368344
88175.1796875,50465972205,3060.5947265625,15619543350,1.0001989603042603,57551567458,877.806884765625,1640570319
86419.78125,45559514323,2964.18310546875,28765976892,0.9998810291290283,96176642817,858.5451049804688,2222157806
87843.984375,41262178223,2964.180908203125,22709189818,0.9998850226402283,84425789643,874.8990478515625,2379705373
86143.7578125,44243392914,2831.403564453125,26159825528,0.9996240139007568,92047938306,842.93017578125,2968394043
85462.5078125,52667115348,2827.069091796875,29194181349,0.9995030164718628,105998238214,829.3011474609375,3195634004
88103.3828125,46733310561,2977.970703125,27870687989,0.9994630217552185,101816687768,855.9432983398438,5429911683
88344.0,14688196659,2977.58251953125,7612418215,0.9996330142021179,45991860432,853.586181640625,1374684930
88621.75,19845522660,3001.61376953125,11178096676,0.9997239708900452,58117509263,857.8892211914062,1501917010
88490.015625,38047472118,3006.07373046875,20342034264,0.9993979930877686,84644391342,857.857421875,1959463444
87414.0,43683011533,2963.3740234375,21453213168,0.9994919896125793,77238853787,843.7714233398438,1696809904
87611.9609375,25550297986,2945.590576171875,13984770325,0.9993249773979187,62404214627,846.2596435546875,1535799969
87234.7421875,19953216347,2903.57958984375,11828871179,0.9993789792060852,54062181923,829.4244384765625,1415229398
87301.4296875,42455674908,2925.74560546875,18562196049,0.9991869926452637,81713363687,834.1515502929688,1730790904
87802.15625,13741199310,2947.998291015625,7378783299,0.9992849826812744,40982045847,844.5545043945312,1496575663
87835.8359375,15156557929,2948.568115234375,9227601389,0.9992589950561523,43793554358,858.8287963867188,1855190489
87138.140625,48411625849,2934.538330078125,25957694515,0.9987750053405762,97725242399,851.1875610351562,2271142660
88430.1328125,35586356225,2971.416748046875,18816704381,0.9988669753074646,74119035312,860.5537109375,2042633098
87508.828125,33830210616,2967.03759765625,16451891101,0.9984490275382996,70259461189,863.2573852539062,2539874072
88731.984375,18849043990,3000.394287109375,10268796662,0.9987450242042542,50548666268,863.0546264648438,1623168589
89944.6953125,46398906171,3124.422607421875,25242778003,0.999671995639801,96128566387,880.8441772460938,2274583336
90603.1875,20774828592,3125.91748046875,11460707919,0.9996349811553955,55660104876,878.6394653320312,1660447864
91413.4921875,26770491368,3140.71044921875,13890479323,0.9995059967041016,66989138853,894.3836669921875,1869811425
93882.5546875,53376407252,3226.13037109375,27211995956,0.9999189972877502,109110758515,910.7883911132812,2191450063
93729.03125,52430605257,3295.94677734375,27853981622,0.9995419979095459,110866357823,917.5072631835938,2396005647
91308.0546875,43461295053,3166.843994140625,22665982583,0.9990130066871643,88038722760,899.414306640625,2328531769
91027.125,42386697030,3104.382568359375,22760237888,0.9991790056228638,91586831359,891.7537231445312,2150672078
90513.1015625,38305906684,3083.047119140625,18879517395,0.998727023601532,79822700567,895.46923828125,1729373289
90386.6484375,12385895282,3082.39599609375,6960662969,0.9986670017242432,38115110932,906.1124877929688,1917030206
90827.4609375,17165568977,3118.88525390625,10497219711,0.998553991317749,48265077116,902.7507934570312,1753041961
91192.9921875,41346275358,3092.3251953125,21152711365,0.9990280270576477,87724867392,905.4176635742188,2073080994
95321.78125,54980674354,3322.095458984375,27237310134,0.9993659853935242,112113067779,942.4600830078125,3312675690
96929.328125,60592490863,3354.72265625,33926411912,0.9999409914016724,126519673131,949.10888671875,2898477115
95551.1875,53086363027,3317.101318359375,27598686935,0.9996439814567566,107358143555,930.8783569335938,2344675895
95525.1171875,33248170537,3295.482177734375,22732887284,0.9995129704475403,75532025352,937.5318603515625,1873697028
95099.921875,16021715122,3308.8642578125,11206492253,0.9995740056037903,47015213256,947.0445556640625,1840297630
93634.4296875,20809781232,3281.15771484375,13557863288,0.9996230006217957,55327428612,932.5913696289062,1896106924
92553.59375,39195241508,3186.62109375,27956112545,0.9993759989738464,97910777183,922.4950561523438,3099807569
88310.90625,53072968031,2935.605712890625,32985301273,0.9987239837646484,113382183141,884.6754760742188,2987548371
89376.9609375,56330422434,2978.901123046875,35797876195,0.9990720152854919,116676650762,882.5582885742188,3827882862
89462.453125,35549685694,2949.63330078125,21993593333,0.9989699721336365,80572684533,886.9723510742188,1870632923
89503.875,38997586037,2953.25634765625,22417700837,0.9986879825592041,91479303363,890.7664184570312,2043693107
89110.734375,14558687712,2948.74072265625,8198666763,0.9984760284423828,44665384475,886.1796264648438,1290044834
86572.21875,36124986722,2815.90234375,22414089670,0.9989299774169922,83359133875,864.7267456054688,2065395074
88267.140625,45329286974,2926.45703125,29668620102,0.9988999962806702,99041448523,878.7445068359375,2107947407
89102.5703125,38744942267,3022.2109375,27976005223,0.9986370205879211,88992355219,897.66552734375,2080464235
89184.5703125,39807419296,3006.607421875,21751566455,0.9989230036735535,86035251000,901.348876953125,1929255921
84561.5859375,64653083162,2818.232666015625,37487198041,0.9983389973640442,125513309948,867.09814453125,3967708737
84128.65625,72083816087,2702.375244140625,41877689970,0.9984880089759827,141829899671,857.2587280273438,3063940340
78621.1171875,70479259159,2445.091796875,47569532203,0.9988909959793091,150583665656,780.4845581054688,3250985432
76974.4453125,53372509744,2267.96484375,40358630560,0.9991099834442139,116421737379,758.4573974609375,2530207621
78688.765625,75140589684,2344.356689453125,48844346396,0.999131977558136,177927859370,774.5792846679688,3129876950
75633.546875,68249110822,2227.558837890625,47906083919,0.9986249804496765,141564352928,753.5781860351562,2673231321
73019.703125,67215363944,2143.504150390625,45219604814,0.9979450106620789,137826357340,697.8617553710938,3263769381
62702.09765625,125509410908,1821.68310546875,60381662655,0.9983170032501221,219224802375,606.5428466796875,4896219244
70555.390625,114674259489,2063.386962890625,64998454203,0.9992409944534302,215984096332,657.4215087890625,4201603681
69281.96875,62347107663,2090.54931640625,41145430304,0.999334990978241,125763048864,647.3502807617188,2237248068
70264.7265625,39721722619,2088.762939453125,19541713443,0.9995189905166626,75693286001,640.253662109375,1623329068
70120.78125,52081598792,2103.567626953125,26750982266,0.9995539784431458,98549530094,635.9544677734375,1879500739
68793.9609375,40593063077,2019.4974365234375,23267337087,0.9995229840278625,83129298632,619.5703125,1623315797
66991.96875,49671946030,1940.621337890625,23922680362,0.9992899894714355,95570382590,607.1871337890625,2137150889
66221.84375,44651071271,1946.940673828125,20106364835,0.9991639852523804,86908945469,613.7109375,1596683425
68857.84375,40820775886,2048.52734375,20412430639,0.9994549751281738,81374971150,619.0838623046875,1865657141
69767.625,36012397645,2086.009765625,16925555543,0.9995920062065125,73218628090,633.34521484375,1422078768
68788.1875,40191152750,1966.04296875,31030538835,0.9996299743652344,94479119736,614.6380004882812,1572726908
68843.15625,33618145426,1997.917724609375,19219250473,0.9995599985122681,72812546748,626.5706787109375,1384918308
67494.21875,34866936040,1992.1943359375,20929890501,0.9995139837265015,73661675697,617.5620727539062,1273885332
66425.3203125,33094301643,1953.97412109375,20187307041,0.9994369745254517,69407527524,604.5238037109375,1407996950
66957.5234375,31492987019,1948.2010498046875,17380103826,0.9996560215950012,65404394394,607.1598510742188,1468442931
68005.421875,47507867304,1969.0223388671875,21682976627,0.9996709823608398,88084347590,625.6635131835938,1709915616
68003.765625,18357635642,1973.7371826171875,11561261802,0.9997810125350952,44963461335,625.8980712890625,1183913259
67659.390625,17893536012,1957.805908203125,9488829492,0.9995430111885071,42191374216,614.4066772460938,1089029749
64616.73828125,50953457309,1855.5028076171875,23731172668,0.9997010231018066,97612248507,595.8651123046875,2110764624
64080.04296875,40849331086,1852.969482421875,18475122228,1.0001579523086548,76117850091,584.1098022460938,1777417541
67960.125,53629234355,2054.6279296875,27717195805,1.000169038772583,104118977378,629.0726318359375,2691687940
67453.7734375,42988597523,2026.7926025390625,23327720766,1.0000489950180054,85674647059,625.9132080078125,2766164029
65881.796875,40283655942,1930.7618408203125,21136821039,0.9999179840087891,82164254219,613.9695434570312,1782727960
66995.859375,42041497112,1965.050537109375,21675923669,1.0000419616699219,85573259179,617.2463989257812,1819918584
65738.1015625,40733141929,1939.066650390625,23649071468,1.000161051750183,83652532400,618.107177734375,1918919287
68775.8515625,56698092052,2027.2689208984375,26235436166,0.9999070167541504,107157428908,637.2395629882812,1947915391
68293.6484375,47947999049,1982.7689208984375,24100196312,1.000087022781372,94111503524,633.8309326171875,1802590269
72710.578125,75073101274,2126.50537109375,33610946768,1.0001360177993774,130821327282,657.8167724609375,2127945160
70841.125,51172841727,2071.60546875,22383576284,0.9998760223388672,94552534115,647.6258544921875,1672800685
68136.4921875,43776962871,1978.751220703125,19733648079,0.9999150037765503,81122441885,627.2734375,1385900394
67272.59375,23258701211,1969.4554443359375,10236899078,0.9999110102653503,48114595839,620.0662841796875,1082294510
65969.78125,33195080116,1936.604736328125,16314032554,0.9999290108680725,64087330423,612.0388793945312,1289759347
68402.3828125,49499875378,1992.938232421875,24015826480,1.0001020431518555,91625548383,634.5003662109375,1626567950
69926.921875,54003996096,2037.1204833984375,23552353781,1.0001150369644165,96697987753,641.8792114257812,1580638205
70204.8828125,45236859848,2051.5732421875,19031715359,1.000188946723938,84262268074,651.4783325195312,1616600713
70493.4609375,40871848129,2073.13623046875,20624954899,1.0000499486923218,80128786072,652.135009765625,1564250832
70968.265625,61167226505,2092.5634765625,29345212033,1.0001239776611328,112624310318,655.8819580078125,2275392491
71214.625,22283546496,2097.086669921875,10073411269,1.0000909566879272,48681733597,657.8316040039062,1300376753
72789.9140625,27991268669,2177.476318359375,15333885132,1.0000979900360107,60328450249,673.701171875,1570006668
74861.0859375,55572438409,2351.176025390625,38938369545,1.0000050067901611,119442290411,679.3547973632812,2399816312
73922.4765625,49500721728,2318.053466796875,26737564550,1.0001490116119385,97513062671,668.7809448242188,1875359590
71245.578125,46229011155,2203.671630859375,25617966362,0.9999390244483948,94380871753,652.05908203125,1920423223
69912.7890625,44631433398,2137.423828125,24090913749,1.000067949295044,89763948354,639.2661743164062,1763650441
70522.5859375,38299078407,2146.4970703125,17970488517,1.0000200271606445,75445478896,642.183349609375,1633691311
68711.5234375,21109354718,2076.68994140625,8654913047,0.9998170137405396,44184513156,630.1337890625,1236470411
67845.2109375,30108051508,2053.04833984375,16438149794,0.999858021736145,63280420548,626.601318359375,1616327413
70914.859375,51508669357,2152.14599609375,28509077302,0.9998959898948669,105274161423,638.5368041992188,2371029968
70517.859375,40181522399,2155.704345703125,18389631713,0.9996020197868347,81563081028,638.2528076171875,1645704845
71309.8828125,35409791747,2168.021484375,17086301657,0.9996160268783569,74795753075,647.328125,1700935601
68791.625,38962070215,2059.578369140625,18628112246,0.9994829893112183,79503228034,628.9946899414062,1566197398
66338.375,46483453594,1991.27197265625,19453998121,0.9993500113487244,86870571189,613.2924194335938,1674423686
66319.6953125,20924883455,1992.694580078125,8641221084,0.9991959929466248,44528571832,610.7012329101562,875286131
65954.921875,21645889785,1982.5596923828125,9451184647,0.9992290139198303,44838021705,605.6762084960938,1340354447
66691.4453125,37694994180,2023.514892578125,17840662425,0.9991239905357361,73050764474,608.5535278320312,1691424092
68233.3125,42997691338,2104.708251953125,21278561395,0.999023973941803,82134089780,617.0491943359375,1789909133
68078.5546875,36465393617,2138.737060546875,19542997434,0.9998000264167786,76890870730,610.6229858398438,1708753116
66888.5703125,39323384518,2056.8525390625,18847170816,0.999891996383667,81269845074,583.1368408203125,2253593411
66931.1015625,22815543346,2053.38525390625,9609678843,0.9998040199279785,50152434456,588.1000366210938,1249381771
67290.515625,15878814963,2065.3515625,6926913517,0.9998440146446228,37736218290,593.28369140625,730361887
68981.8984375,22972648674,2108.99560546875,9928800793,0.9995999932289124,47618619136,601.5355834960938,869628725
68859.828125,39542143229,2107.761474609375,19097527675,0.9997410178184509,76732263965,600.3857421875,1559391237
71940.703125,44650511480,2241.806640625,22588914083,0.9996160268783569,88757743502,620.898681640625,1954715522
71123.359375,42444631703,2190.33544921875,21469476310,0.9999399781227112,85488074069,601.1722412109375,2031695469
71767.828125,38799581473,2189.14404296875,17218638798,0.9999679923057556,77324969678,602.8275146484375,1836620252
72979.046875,37722595732,2245.148681640625,17131968712,1.000236988067627,83525941769,605.9915161132812,1779562868
73054.2734375,23287073965,2285.39013671875,12620960384,1.0002009868621826,61407551415,607.3914184570312,1673930281
70753.40625,29882740487,2192.201171875,15307071617,0.9999629855155945,61952128502,592.2140502929688,1835478450
74484.640625,52278211554,2370.71484375,23709131572,1.0002390146255493,97050409497,615.05126953125,1956433843
74181.609375,53540826530,2323.30859375,25185167270,1.0002299547195435,137144185887,614.0372314453125,2008088284
74805.078125,38090174312,2359.43701171875,17004367348,1.000025987625122,115334282853,622.6653442382812,1644633857
75152.1328125,41312783855,2348.64501953125,20602833116,1.0000669956207275,133729755292,635.5833740234375,1856483537
77126.875,54137194839,2421.07177734375,26467618336,1.0002529621124268,155614460546,643.4501342773438,1994808217
75726.2109375,26014416776,2351.1005859375,14400085617,1.0002870559692383,108840158490,630.3224487304688,1585391318
73856.3515625,30931515195,2264.9169921875,17083701612,1.0001980066299438,109498515721,616.5244750976562,1507732097
75872.5234375,39674447916,2315.21240234375,19084768822,1.0002529621124268,125686661523,629.2551879882812,1537738592
76352.7734375,36453522626,2327.970458984375,16107716719,1.0001649856567383,116258719356,631.7921752929688,1638232350
78203.1015625,48336654537,2376.088134765625,22465555335,1.0001920461654663,134387088699,637.9317626953125,1843147330
78268.953125,40354900916,2331.513916015625,19909161913,1.0004080533981323,129374526333,638.7262573242188,1592966390
77455.3125,32784213526,2315.690185546875,13371168064,1.000241994857788,119745622419,636.4029541015625,1358812029
77612.015625,16702933134,2318.8291015625,6545621782,1.0001670122146606,90948997337,628.6572875976562,758377286
78657.5390625,21482934750,2369.72900390625,10622966933,1.0002919435501099,95862129345,636.1114501953125,1164927198
77366.625,38135631927,2303.06396484375,17879618684,0.9998890161514282,127579200432,626.9642333984375,1637610223
76350.671875,32056900880,2289.419677734375,12761522276,0.9999020099639893,108079022559,624.31103515625,1232472114
75776.1328125,41460907886,2253.415771484375,21884731493,0.9995589852333069,124591006235,617.3297729492188,1599657620
76304.3203125,29497862305,2256.251220703125,12309496389,0.9996039867401123,111108953391,615.0667114257812,1271759829
78179.0,39164328894,2295.09375,13243880777,0.9998049736022949,119458344384,615.3310546875,1373446549
78657.25,16761531851,2316.23193359375,6905015549,0.9997479915618896,83384241699,617.82763671875,712563317
78538.2265625,20544392639,2321.6357421875,9861070993,0.9997779726982117,85831067559,617.4823608398438,834198484
79827.90625,54325085296,2346.39697265625,25497505008,0.9997770190238953,150692433864,622.6590576171875,2279940194
80927.0546875,39700107376,2361.1826171875,17739612383,0.9998319745063782,131073019539,630.3912353515625,1737844496
81427.53125,41751540000,2350.802001953125,22745786496,0.9998779892921448,137810550698,647.57373046875,2481476834
80009.9921875,36931193154,2291.107666015625,23409823896,0.9997979998588562,124560832366,637.02197265625,1667366871
80186.765625,33789351540,2306.97216796875,20013463010,0.9998760223388672,82936619895,649.0093383789062,1438423521
80664.3671875,18102086996,2326.727294921875,12217205123,0.9997239708900452,53674811720,649.7373657226562,1278930889
82138.9296875,26965971077,2369.0439453125,19587186882,0.9998509883880615,74732275993,663.6634521484375,1412124607
81728.296875,32409774919,2339.36083984375,15525623296,0.9997900128364563,76617216812,669.9736328125,1803928124
80477.4921875,32186688600,2274.6435546875,16145394773,0.9997490048408508,74279983088,664.5411376953125,1642513243
79277.1171875,34075428359,2257.576416015625,15193768365,0.9995499849319458,79384352535,671.3828125,1960838590
81051.25,43731663431,2280.934814453125,17563432027,0.9997419714927673,88984161413,677.9397583007812,1656801797
79065.6796875,38183347368,2223.328857421875,18146855938,0.9993410110473633,81071131124,672.111328125,1703187702
78131.4375,25895799905,2179.751953125,11451672017,0.9994680285453796,56060303886,656.216064453125,1379762213
77429.3515625,20900166465,2127.645263671875,10143205921,0.9994000196456909,47640930738,648.7941284179688,783703455
76954.171875,41520471808,2128.51611328125,19890789125,0.9993209838867188,84344135858,643.0562133789062,1418244426
76750.90625,26031898332,2109.9638671875,12030742868,0.9990440011024475,59257324852,639.4500122070312,1113171362
77457.7734375,26668360936,2126.9833984375,12076799234,0.9989979863166809,64254604443,648.8192749023438,1126919622
77539.171875,27141485404,2131.41064453125,14344389472,0.9990329742431641,67639293406,657.349853515625,1228340767
75488.2421875,27859040109,2064.636962890625,13229489284,0.9988089799880981,66990331435,649.4689331054688,1327486028
76673.3671875,29973220002,2115.951416015625,16650709488,0.9988340139389038,68060738695,655.7096557617188,1294474331
76981.125,20572738918,2097.993896484375,10602558120,0.9987469911575317,49926370850,656.0982666015625,1104832926
77279.9296875,19808387601,2111.370361328125,10167436482,0.9990460276603699,54224709016,662.3038330078125,1309145054
75825.734375,35999475458,2070.858154296875,15924080901,0.9985929727554321,81457023872,655.5963745117188,1618469382
74344.703125,33802172927,2022.1982421875,14534289020,0.9984509944915771,75408547199,648.1592407226562,1299270396
73536.5546875,40148145327,2007.552734375,18109844096,0.9985629916191101,85658639304,637.4937744140625,1387114881
73372.5234375,34457929250,2011.978515625,14941194039,0.9986100196838379,76188313934,642.2872924804688,1229212667
73754.8359375,19563589191,2019.458251953125,7478416074,0.9985610246658325,51706977347,717.9337768554688,3590363740
73579.6875,17445435650,2004.341552734375,9253505209,0.9985550045967102,49192148191,708.584228515625,3011261654
71319.7734375,43378836121,2003.22119140625,19458810001,0.9987149834632874,93923190124,692.1307983398438,3603890086
66703.65625,54990073882,1857.71630859375,25205401403,0.9987350106239319,107615196898,650.4299926757812,2212967555
64014.3671875,47411556213,1811.7322998046875,24083350214,0.9986240267753601,104320289075,620.0994262695312,2023083015
63801.57421875,63800151780,1769.58056640625,27112623897,0.9989359974861145,119319746246,603.5347290039062,2306830558
60922.66796875,71465606706,1580.86083984375,39924177669,0.9996870160102844,139654481796,572.1068725585938,2607132303
60867.4140625,30898464957,1568.7677001953125,18426248218,0.999530017375946,67693669258,574.5108032226562,1418745727
63239.51953125,36006496194,1686.396240234375,15172606860,0.9995759725570679,70382057788,603.6289672851562,1355939748
63090.58984375,34133252457,1690.1485595703125,17427269148,0.9996560215950012,73568845733,601.6277465820312,1157549571
61643.78125,40144449754,1637.7066650390625,15196855528,0.9993090033531189,77043706745,592.8506469726562,1187053835
61449.2890625,27493506779,1620.1376953125,12655731412,0.9990670084953308,62284493169,586.173828125,1017565363
63561.0546875,29316677897,1672.2806396484375,12379882531,0.9990329742431641,65955507104,605.0415649414062,1095074108
63543.19921875,26881868307,1665.1278076171875,9989137815,0.9995160102844238,62212762684,603.506591796875,994015378
64421.32421875,16956245530,1680.214599609375,6101094488,0.9995790123939514,42561243719,609.5437622070312,821135662
65710.3984375,21572226975,1724.61328125,7804982667,0.9993540048599243,48950813908,616.0859375,1036522794
66289.5,32927321950,1794.961181640625,17921331594,0.9993389844894409,78517835546,617.421875,1343292765
65600.640625,25063963967,1790.398193359375,14698492893,0.9989619851112366,64531193660,604.3461303710938,1347367138
64418.4453125,31288885189,1747.885498046875,14185457929,0.9990540146827698,70113901872,600.9586791992188,1281028503
62896.47265625,30432454936,1709.533447265625,12942260783,0.9989110231399536,66597356473,578.0147094726562,1125978611
63540.8359375,22361931660,1710.982421875,7855725190,0.9991769790649414,50119200629,581.1637573242188,869522115
64239.67578125,17486384117,1739.3013916015625,7773536600,0.9988009929656982,43186022972,587.6138916015625,828038134
63237.5390625,15739619591,1704.58056640625,8498711726,0.9988089799880981,42225550833,583.7516479492188,758751631
63952.10546875,26561496819,1726.5108642578125,13584368622,0.9987710118293762,60554760619,589.918701171875,989771505
62668.01953125,29608942370,1665.436767578125,10431438278,0.9987599849700928,61894955156,577.5996704101562,966075609
60995.1328125,42644106535,1619.9249267578125,14059894232,0.9984440207481384,78753563400,563.7708129882812,1326402841
59721.67578125,40625024718,1564.816650390625,15976182558,0.9986129999160767,80067103011,559.7989501953125,1359821571
60016.4296875,41502864671,1576.6160888671875,15272225856,0.9986839890480042,77571893365,566.8584594726562,1485816125
59940.09765625,15099836554,1571.5882568359375,6111411513,0.9985039830207825,37579436832,556.390869140625,908411267
59532.33984375,16282230874,1570.3612060546875,6231562560,0.9983900189399719,38881085410,550.69970703125,900129154
60138.37890625,30829983083,1610.205810546875,11882501822,0.9985439777374268,68535039489,558.668212890625,1115281924
58558.859375,32747419391,1569.5838623046875,9639804637,0.9983770251274109,65377485195,545.6861572265625,1113363069
60003.7578125,37904450118,1608.960693359375,11666600557,0.9989290237426758,73495917463,550.1094970703125,1369626811
61485.30078125,40109297349,1698.16943359375,13538465176,0.9988179802894592,76768444602,558.0145263671875,1333013092
62544.19921875,26131813598,1756.5186767578125,10177742550,0.998956024646759,58694078791,573.4421997070312,1081508938
63088.3046875,18608397613,1779.032958984375,8083146790,0.9990710020065308,46346376003,574.9729614257812,1084811368
63547.8828125,18267466154,1783.0059814453125,11323496681,0.9991829991340637,47284857462,588.9351196289062,1328089383
63995.015625,36552222303,1797.57373046875,16997487730,0.9993469715118408,75515550348,585.4335327148438,1405839910
63297.39453125,31026493556,1768.511474609375,9901110376,0.9993339776992798,63112851775,576.7965698242188,1091645141
62257.57421875,27349235354,1742.6776123046875,10110272581,0.999189019203186,59921955317,568.3060913085938,1104808263
63193.1484375,26546256117,1744.484619140625,7763668656,0.9990800023078918,53872946267,568.4684448242188,1020956200
64127.140625,27450201269,1795.6932373046875,9431692646,0.9993489980697632,57437644696,575.031982421875,1039954030
63802.02734375,13954689047,1788.099609375,6901680020,0.9994879961013794,38375034252,574.8894653320312,869866045
63758.21875,19043437787,1805.7880859375,6064480351,0.9993860125541687,40502417350,573.9483032226562,968436788
62239.12109375,37650044790,1773.500732421875,11436340419,0.9987159967422485,58911891300,566.6336669921875,991239692
64956.11328125,29841287318,1889.4798583984375,13835437084,0.9992510080337524,61208814239,581.7556762695312,1188215639
64712.375,27029791676,1916.9437255859375,12684088080,0.999301016330719,57315925481,580.1040649414062,1170264202
63789.28125,27232426674,1863.193359375,11412820341,0.9991589784622192,55489370758,572.1932373046875,1034278765
63899.4609375,27280236800,1840.9881591796875,10651207679,0.999343991279602,54744457709,567.7648315429688,1233596492
64796.6015625,14162542470,1861.39208984375,4754880124,0.9993559718132019,31747067513,570.2855224609375,834755411
64690.8046875,15000653941,1871.508544921875,7004738486,0.9992110133171082,34906585906,570.4041748046875,824772602
65230.02734375,30988932408,1903.7589111328125,12042633315,0.999364972114563,59409382724,570.7332763671875,1103435923
66505.125,29554470321,1928.3837890625,12526770542,0.9993569850921631,59683961122,573.5968627929688,1115064597
66100.796875,28142272410,1933.4901123046875,10800957306,0.9995359778404236,56314017565,570.7539672851562,991239577
65044.8125,24364433538,1877.1002197265625,9768559906,0.9991729855537415,51941426208,566.9454956054688,914774204
64098.49609375,25917559237,1860.1767578125,9056489653,0.9991210103034973,53227262544,564.3374633789062,1011337723
64311.8125,13817493398,1873.222412109375,4367514252,0.9990649819374084,34304411614,568.46875,785530621
65340.30078125,14301494281,1953.4112548828125,6638236222,0.9991509914398193,36721289321,574.5038452148438,818584128
63724.8984375,26183821002,1890.613525390625,13679804759,0.9991080164909363,57829587658,565.73046875,961806343
63871.36328125,24128738898,1919.948486328125,11476069704,0.9987459778785706,53261988589,570.4871826171875,987867906
63908.16796875,28611167472,1908.51904296875,12003429702,0.9987789988517761,56381322476,571.4020385742188,939729864
64725.30859375,26250039650,1917.3729248046875,8075086285,0.9991539716720581,50691858992,592.0128173828125,1326666570
62813.74609375,30439749629,1860.345947265625,10253082786,0.9989820122718811,56342871542,586.427001953125,1212212216
62763.3203125,13553286543,1843.417724609375,4889749337,0.9990569949150085,30704461037,574.9596557617188,1092981314
63482.0,15901776708,1882.52197265625,5798420478,0.9988880157470703,34719332026,587.5682983398438,941393721
63460.8984375,26038889824,1858.2564697265625,7822619495,0.9990760087966919,48887969681,588.795166015625,1006505117
64055.953125,23662357784,1868.3858642578125,7950029763,0.9991700053215027,46447356239,592.8079223632812,949346459
64597.5,23568584891,1906.5260009765625,9791973976,0.9989870190620422,49722229959,593.2213134765625,1306888800
64262.11328125,18529402711,1902.0574951171875,7974662808,0.9990450143814087,43047985121,591.6528930664062,953743093
64880.19140625,22165720102,1913.2794189453125,9081145963,0.9994170069694519,47129052609,592.1971435546875,1370866961
64904.6875,12350094271,1915.532958984375,3746718589,0.9991700053215027,29374272176,600.4220581054688,1072496627
64844.88671875,13234538380,1908.6827392578125,4645577105,0.9992930293083191,32646160900,601.7662963867188,1032011852
63910.5859375,22384770392,1871.2786865234375,8786188281,0.9990509748458862,47475456994,598.6873168945312,1054595862
63551.875,20824820662,1881.37353515625,7957496158,0.9991909861564636,45750622590,616.4986572265625,1311056319
63402.43359375,23063864553,1878.135009765625,7655429787,0.9988729953765869,45012236754,609.6798095703125,1179194321
63402.171875,18765583756,1883.9913330078125,7043525922,0.9990249872207642,39744526273,610.0366821289062,991318908
62975.59375,20280053024,1880.6500244140625,5615035669,0.9990019798278809,41371806311,607.5797729492188,904964325
63024.3203125,10033057106,1880.9083251953125,3145101774,0.9989780187606812,25791876031,607.104248046875,555761984
62818.65234375,9078986635,1873.9429931640625,3727196539,0.9988719820976257,25088485307,602.4793701171875,635151199
64506.25390625,21555405073,1912.2021484375,7808026613,0.9991539716720581,44197206667,605.17236328125,1022798732
64680.7109375,18728001793,1916.4595947265625,6819426768,0.9992420077323914,40672410161,603.5281982421875,972520123
69266.1875,46228098443,2251.4580078125,29624109549,0.9993789792060852,91839948170,626.4718017578125,1864254281
73032.7578125,55444322363,2326.384765625,27856115157,0.9998400211334229,108208092194,654.9075317382812,2301724571
78335.1875,74478039014,2515.28173828125,33328570085,0.9998810291290283,142537754437,686.966796875,2932629797
77083.4140625,42131959963,2424.251220703125,23985294650,0.9997770190238953,113138831835,695.7017211914062,3166031052
77755.265625,31158396908,2463.81591796875,18269251440,0.9999560117721558,74903766389,701.8467407226562,1748341826
78964.484375,55502180329,2481.831298828125,22852234269,0.9999510049819946,107754766459,703.6381225585938,1930945903
78564.9765625,46728068401,2443.159423828125,17270862024,0.9999880194664001,90275954798,694.0257568359375,1797771745
79027.421875,29329039002,2506.260986328125,13160062688,0.9999930262565613,65463029758,707.8804931640625,1542801679
80257.5390625,34033075972,2510.41015625,16865824214,1.0000970363616943,78729552221,712.1705932617188,1468797908
77830.2890625,39362871737,2442.535888671875,16663209345,0.9999459981918335,81589719935,691.1170043945312,1489232317
78245.8125,14053131399,2457.686279296875,5787124142,1.0000309944152832,35437314967,692.6039428710938,947152139
77667.5703125,19314839672,2417.938720703125,12029653088,0.9999179840087891,48340283081,684.8091430664062,1186105163
78548.6328125,30608386987,2466.8203125,13784743627,0.9998260140419006,65187244326,691.0252685546875,1234273448
77403.625,30608796575,2417.842041015625,14125056444,0.9994410276412964,67464208425,682.7491455078125,1197910613
77300.4765625,26525296646,2391.5009765625,14227785690,0.9995120167732239,59382618076,687.9632568359375,1263823790
81271.7421875,40504199354,2508.020751953125,18436029856,0.9999920129776001,85576660659,724.9962158203125,1769490260
79671.96875,37501874897,2456.078125,19101694317,1.0001920461654663,83913349024,721.2604370117188,1630848206
79823.8671875,18559708494,2480.735595703125,7652004156,1.0000879764556885,50174879411,766.9117431640625,2911517322
80350.046875,19391863269,2514.548828125,11306580189,0.9999570250511169,56920932177,752.500732421875,1809733130
79115.8515625,23414434445,2490.9580078125,12923076237,0.9997789859771729,61979607280,740.0272827148438,1542958780
78438.578125,34680168667,2484.94140625,13471038160,0.9998769760131836,74133313284,752.42919921875,1930669841
78259.5234375,29192409298,2466.913818359375,14955608804,0.9997140169143677,71100399082,722.7352294921875,1763558699
76568.125,30120111719,2437.0986328125,16781828594,0.9996089935302734,70756902216,709.1333618164062,1670884807
77173.796875,37410998193,2514.73388671875,27812010346,0.9996849894523621,89060666001,726.9684448242188,1722788676
77270.46875,12664765797,2525.944580078125,8012825772,0.9997900128364563,34688986407,727.453125,1157881596
76838.15625,13607872549,2477.020751953125,9643847552,0.9996560215950012,39817590594,716.3305053710938,1067973135
78163.3828125,29909358382,2514.406982421875,16009578199,0.9998459815979004,67503495820,720.2359008789062,1616186488
75612.5078125,39694675220,2399.0869140625,20275242052,0.9993299841880798,81713429979,712.16064453125,1525574555
76150.3203125,30053315577,2416.119873046875,15926017443,0.9991779923439026,69734778060,725.575927734375,1491110810
76403.7734375,21917458567,2447.106689453125,11698754081,0.9991409778594971,59395549565,738.001953125,1487195591
80901.4609375,40378562386,2611.34716796875,22570923683,0.99965900182724,97509978528,761.0164184570312,2183916470
81233.6796875,20505634866,2631.962646484375,10007872025,0.9996370077133179,59790373738,762.0443725585938,1537324950
81142.609375,21259753701,2642.99755859375,10759191352,0.999754011631012,58834219902,772.34814453125,1590467764
86602.9140625,57676223471,2776.46826171875,26510460373,0.9998689889907837,121758942129,798.89013671875,2695025332
86405.140625,41381068800,2743.669921875,16961236992,0.9999499917030334,95262695424,789.0999755859375,2084573952
